video_id,titulo_video,autor,texto,likes,fecha,respuestas,sentimiento,sentimiento_score,sentimiento_es
Zlktq3LPCE8,A Samuel Garcia Ya No Lo Soportan Ni Los Japoneses #Monterrey #mundial   #historia #chisme #noticias,@juventinosanchez3903,Eso se merece la gente por elegir a gobernantes corruptos e ineptos.,2,2026-06-07T03:42:27Z,0,NEG,0.9826,Negativo
Zlktq3LPCE8,A Samuel Garcia Ya No Lo Soportan Ni Los Japoneses #Monterrey #mundial   #historia #chisme #noticias,@violintumbado,😝😝gran comediante regio estilo gobernador jajajaja,3,2026-06-06T00:38:32Z,0,POS,0.6488,Positivo
Zlktq3LPCE8,A Samuel Garcia Ya No Lo Soportan Ni Los Japoneses #Monterrey #mundial   #historia #chisme #noticias,@AnonPanzer,"Quejense de Samuel y de Nuevo León.<br>Si nosotros Damos Pena Agena, no me quiero Imaginar como le iran a las Pobres Almas Desgraciadas en la Comunista y Chavista Ciudad de México, ahora parte de la Republica Bolivariana.",2,2026-06-06T17:25:17Z,0,NEG,0.9713,Negativo
Zlktq3LPCE8,A Samuel Garcia Ya No Lo Soportan Ni Los Japoneses #Monterrey #mundial   #historia #chisme #noticias,@ArturoEspinoza-h9z,Samuel el mentirosillo 😂😂😂😂😂,1,2026-06-07T05:34:56Z,0,NEG,0.6396,Negativo
Zlktq3LPCE8,A Samuel Garcia Ya No Lo Soportan Ni Los Japoneses #Monterrey #mundial   #historia #chisme #noticias,@Emi_loqd729,Esperemos que acá en CDMX se lleven una buena primera impresión (no se en que condiciones este el Estadio Azteca o otras zonas de la ciudad porque ni salgo jaja),0,2026-06-06T22:48:33Z,0,NEU,0.7034,Neutral
Zlktq3LPCE8,A Samuel Garcia Ya No Lo Soportan Ni Los Japoneses #Monterrey #mundial   #historia #chisme #noticias,@tutimdz,Ridículo pedazo de gobernador 🤦🏻‍♀️!!!,0,2026-06-07T05:17:22Z,0,NEG,0.9179,Negativo
Zlktq3LPCE8,A Samuel Garcia Ya No Lo Soportan Ni Los Japoneses #Monterrey #mundial   #historia #chisme #noticias,@armandosalcido7123,Es correcto,0,2026-06-07T16:24:25Z,0,NEU,0.5301,Neutral
Zlktq3LPCE8,A Samuel Garcia Ya No Lo Soportan Ni Los Japoneses #Monterrey #mundial   #historia #chisme #noticias,@dianarojas2765,El narcogobierno destruyendo y saqueando al pais.,0,2026-06-07T03:29:56Z,0,NEG,0.9304,Negativo
Zlktq3LPCE8,A Samuel Garcia Ya No Lo Soportan Ni Los Japoneses #Monterrey #mundial   #historia #chisme #noticias,@Luisfransiscoislasponce,Pero si en la cdmx,0,2026-06-07T04:28:56Z,0,NEU,0.7488,Neutral
Zlktq3LPCE8,A Samuel Garcia Ya No Lo Soportan Ni Los Japoneses #Monterrey #mundial   #historia #chisme #noticias,@saulgonzalezgarcia,Da asco Nuevo León. Da asco el prianmc. Da vergüenza este estado sumido en la corrupcion. Da asco morena también.,3,2026-06-05T03:49:45Z,3,NEG,0.9793,Negativo
Zlktq3LPCE8,A Samuel Garcia Ya No Lo Soportan Ni Los Japoneses #Monterrey #mundial   #historia #chisme #noticias,@ramirosalinaa7502,Samuel  se vio mal asiendo  eso para mi gusto serio mal ❤,0,2026-06-07T02:50:18Z,0,NEG,0.9733,Negativo
Zlktq3LPCE8,A Samuel Garcia Ya No Lo Soportan Ni Los Japoneses #Monterrey #mundial   #historia #chisme #noticias,@COSMVG,Hablen solo de fútbol vergas,0,2026-06-06T22:44:03Z,0,NEG,0.6037,Negativo
Zlktq3LPCE8,A Samuel Garcia Ya No Lo Soportan Ni Los Japoneses #Monterrey #mundial   #historia #chisme #noticias,@PedroPardo-s4d,No pudia faltar q salieran el peor enimego del mexicano y x supuesto q hablo de otro mexicano,0,2026-06-06T22:21:45Z,0,NEG,0.9156,Negativo
Zlktq3LPCE8,A Samuel Garcia Ya No Lo Soportan Ni Los Japoneses #Monterrey #mundial   #historia #chisme #noticias,@AbelAlmendarez-d7n,Apoco en Japón no hay pobreza,1,2026-06-05T16:27:42Z,3,NEU,0.5785,Neutral
vvHnGUg6BtA,INVESTIGAN A SAMUEL GARCÍA | #shorts,@abbea17,"Juicio político????....no mamen, ese que se vaya al bote",58,2026-06-04T13:41:26Z,3,NEG,0.895,Negativo
vvHnGUg6BtA,INVESTIGAN A SAMUEL GARCÍA | #shorts,@RodoGtz62,"Porque lo hacen? Porqué en México gobierna la impunidad  NO PASA NADA,VERÁN.",28,2026-06-04T15:12:01Z,0,NEG,0.9153,Negativo
vvHnGUg6BtA,INVESTIGAN A SAMUEL GARCÍA | #shorts,@evangelinaarriaga5530,"Pobre México. Y con tanta rata gobernando,cada vez más pobre. 😊",48,2026-06-04T14:41:49Z,2,NEG,0.9786,Negativo
vvHnGUg6BtA,INVESTIGAN A SAMUEL GARCÍA | #shorts,@EvaArrieta-gt6yk,Nuestros políticos son una verguenza!!,11,2026-06-05T00:15:20Z,0,NEG,0.9694,Negativo
vvHnGUg6BtA,INVESTIGAN A SAMUEL GARCÍA | #shorts,@ConsueloGuadalupeSBurgos-h6q,Urge sea enjuiciado el mugre Samuel García !!! Sin vergüenza y debe ser sancionado con cárcel !!,34,2026-06-04T15:45:07Z,0,NEG,0.931,Negativo
vvHnGUg6BtA,INVESTIGAN A SAMUEL GARCÍA | #shorts,@mariaelviafentaneshernande9250,Todos se dedican a saquear ( pobre México),23,2026-06-04T15:06:42Z,1,NEG,0.9782,Negativo
vvHnGUg6BtA,INVESTIGAN A SAMUEL GARCÍA | #shorts,@luissarmiento7982,Desde el primer año se denunció ? Que casualidad en ese.mismo periodo se denunció el huachicol fiscal al macuspano.. y pasaron 5 años y nada..de los dos casos . Coincidencia..o complicidad  entre estos dos ejecutivos de kk😮,21,2026-06-04T14:56:54Z,0,NEG,0.799,Negativo
vvHnGUg6BtA,INVESTIGAN A SAMUEL GARCÍA | #shorts,@sharonkahan1079,"Otro engendro de corrupto…de tal padre, tal hijo como AMLO y su junior Andy..",28,2026-06-04T16:00:39Z,0,NEG,0.9009,Negativo
vvHnGUg6BtA,INVESTIGAN A SAMUEL GARCÍA | #shorts,@IvonneOtero-gd7ue,Que lo metan a la cárcel que le quiten el fuero al gobernador de Samuel García!!!.... Ya la ciudadanía queremos justicia!!,5,2026-06-05T01:50:34Z,0,NEG,0.9098,Negativo
vvHnGUg6BtA,INVESTIGAN A SAMUEL GARCÍA | #shorts,@mauriciomillard3250,Con su papá!,23,2026-06-04T13:19:00Z,1,NEU,0.4995,Neutral
vvHnGUg6BtA,INVESTIGAN A SAMUEL GARCÍA | #shorts,@Rocio-rd6xv,FUERA MORENA Y QUE LES QUITEN TODITO,8,2026-06-04T18:45:18Z,0,NEG,0.8218,Negativo
vvHnGUg6BtA,INVESTIGAN A SAMUEL GARCÍA | #shorts,@denisseretana7100,Cae mal Samuel  Garcia con sus shorts mas seriedad y trabajo ...,12,2026-06-04T13:45:47Z,0,NEG,0.9737,Negativo
vvHnGUg6BtA,INVESTIGAN A SAMUEL GARCÍA | #shorts,@ruthuriostegui2161,Cada quien de los con poder se despacha con la cuchara grande debido a que en México no pasa nada con este gobierno o mejor dicho desgobierno delincuente.,7,2026-06-04T17:58:02Z,0,NEG,0.9511,Negativo
vvHnGUg6BtA,INVESTIGAN A SAMUEL GARCÍA | #shorts,@anyaperal6418,Pero claro es un aliadon de morena,7,2026-06-04T18:44:20Z,0,NEG,0.8008,Negativo
vvHnGUg6BtA,INVESTIGAN A SAMUEL GARCÍA | #shorts,@patriciaborundalara5076,Por fin..... excelente noticia,6,2026-06-04T16:55:13Z,0,POS,0.9452,Positivo
vvHnGUg6BtA,INVESTIGAN A SAMUEL GARCÍA | #shorts,@kittymu3701,"no es qué no sea justo que se investigue si hay evidencias de delitos, sólo que morena enseña el cobre, mientras samuel les sirvió lo traían de edecán recibiendo mandatarios extranjeros, lo invitaban aquí o allá, lo defendían de los que lo acusaban etc.. pero ahora que les estorba ahora sí lo descobijan, y si te ví ni me acuerdo!!!😂😂eso es morena, me sirves te cobijo, me estorbas, no te conozco!!!",7,2026-06-04T14:25:24Z,0,NEG,0.9657,Negativo
vvHnGUg6BtA,INVESTIGAN A SAMUEL GARCÍA | #shorts,@TheArmaron,YA DEBEN ALGUNOS DE MORENA ESTAR EN LA CÁRCEL !,2,2026-06-04T23:40:43Z,0,NEG,0.8883,Negativo
vvHnGUg6BtA,INVESTIGAN A SAMUEL GARCÍA | #shorts,@joseconrradofloresmingole6522,Justicia divina ya viene,8,2026-06-04T14:13:05Z,0,POS,0.6267,Positivo
vvHnGUg6BtA,INVESTIGAN A SAMUEL GARCÍA | #shorts,@berthacortez7361,Salió RATA tambien el Samuel García,4,2026-06-04T18:44:00Z,0,NEG,0.9025,Negativo
vvHnGUg6BtA,INVESTIGAN A SAMUEL GARCÍA | #shorts,@joseruiz3923,Juicio político ???? <br>Pásenlo a morena con ese perfil va a ser un gran militante. <br><br>Pañuelito blanco.....,3,2026-06-04T19:04:24Z,0,NEU,0.6175,Neutral
vvHnGUg6BtA,INVESTIGAN A SAMUEL GARCÍA | #shorts,@AlbertoC-g2i,ESE SAMUEL GARCÍA ES UN TREMENDO LADRÓN CORRUPTO Y NEFASTO.,4,2026-06-04T23:48:19Z,0,NEG,0.9516,Negativo
vvHnGUg6BtA,INVESTIGAN A SAMUEL GARCÍA | #shorts,@juanmanuelfloresvillarreal8648,Urgente poner la presidencia ley. Sobre todo lo saqueado.,2,2026-06-05T02:32:42Z,0,NEU,0.5112,Neutral
vvHnGUg6BtA,INVESTIGAN A SAMUEL GARCÍA | #shorts,@federicogarcia-i7n,"La clase política mexicana no tiene remedio, TODOS los partidos políticos son iguales, Morena un poquito peor",1,2026-06-04T20:48:30Z,0,NEG,0.9827,Negativo
vvHnGUg6BtA,INVESTIGAN A SAMUEL GARCÍA | #shorts,@PedroTorres-qe1gf,Totalmente de acuerdo con el comentarista su servidor lleva 82 años viviendo en Monterrey Nuevo LEON  y me e dado cuenta de eso con pruebas DE 34 PROYECTOS NADAMAS AS PUESTO LZ PRIMERA PIEDRA Y L FOTO  DE esos 34 nada más z ter.inado 3 resto se lo a robado es pariente de SR. PUENTE QUE le ataron un predio en ALLENDE CON FOSAS Y TUNELES ROBANDO A PEMEX en sus ductos cliente de FUFET de su papá y el como dueños pariente de los CARMON de TAMAULIPAS,2,2026-06-05T00:48:21Z,0,NEG,0.8637,Negativo
vvHnGUg6BtA,INVESTIGAN A SAMUEL GARCÍA | #shorts,@nicandromartinezsotelo3300,"No hay duda, los de MC son los chairos fresas.",2,2026-06-04T19:57:37Z,0,NEG,0.6508,Negativo
vvHnGUg6BtA,INVESTIGAN A SAMUEL GARCÍA | #shorts,@AlfredoJimenez500,UNA RATA MÁS!!!… y AHORA SON MULTIMILLONARIOS!!!…  AL BOTE DIRECTO!!!… LOS MORENARCOS LO VAN A DESPELUZAR ANTES!!!… YA LO VERÁN!!!… AHÍ HAY DINERO EXTRA PARA LA CAMPAÑA DE LOS MORENARCOS!!!…,22,2026-06-04T13:54:26Z,2,NEG,0.6528,Negativo
vvHnGUg6BtA,INVESTIGAN A SAMUEL GARCÍA | #shorts,@franciscojimenez350,MC los que dicen que son de la nueva política Mexicana con la mayoría de políticos reciclados del priam,2,2026-06-04T19:29:09Z,0,NEG,0.8538,Negativo
vvHnGUg6BtA,INVESTIGAN A SAMUEL GARCÍA | #shorts,@josealbertodeltoro7310,Pobre Mexicotan cerca EE.U y tan Lejos de Dios,2,2026-06-04T20:05:04Z,0,NEG,0.9213,Negativo
vvHnGUg6BtA,INVESTIGAN A SAMUEL GARCÍA | #shorts,@German87-25,"Pobre  México, con tanto gobernante chupacabras seguirá sufriendo el erario público. Debería levantarse un gobernante que quiera trabajar y no robar lo que no le pertenece.",1,2026-06-04T20:53:49Z,0,NEG,0.9684,Negativo
vvHnGUg6BtA,INVESTIGAN A SAMUEL GARCÍA | #shorts,@marthasoledad6649,"Pero ahora hizo su partido élite de MORENARC DE LOPEZ OBRADOR ,  AHORA SAMUEL GARCÍA se unió CON MARCELO EBRART  para hacer un nuevo partido 😂 &quot;&quot; QUE SIGA LA CORRUPCIÓN 😂 O &quot;*  QUE SIGA LA DEMOCRACIA&quot; *.  El DE ROÑA ES ES EL PT. 😂, EL DE MANUEL VELASCO ES EL PV, 😂EL DE JORGE MAYNES ES EL MC 😂, EL DE CLAUDIA ES EL CSP. CONSTRUYENDO SOCIEDADES DE   PAS PAS.. PAS... 😂.",15,2026-06-04T14:13:21Z,0,NEU,0.5774,Neutral
vvHnGUg6BtA,INVESTIGAN A SAMUEL GARCÍA | #shorts,@HeylelBenShachar,"Ahora resulta que Lazcano es un analista y crítico político, jajajaja. Deberían investigar en Google para que vean lo corrupto y ratero que es",2,2026-06-04T16:48:20Z,0,NEG,0.9256,Negativo
vvHnGUg6BtA,INVESTIGAN A SAMUEL GARCÍA | #shorts,@eunicebuendia9955,"Y la campaña promocional de mike quién la paga? Lleva meses y a diario<br>promocionándose<br>No solo samuel, los pegados a él también, se deben investigar...",4,2026-06-04T14:19:53Z,1,NEG,0.9269,Negativo
vvHnGUg6BtA,INVESTIGAN A SAMUEL GARCÍA | #shorts,@sandracarrillo3243,Por supuesto este gobernador alcohólico y ventajoso estamos manteniendo a su familia y la red de trata de su esposa nunca esclareció lo de Devani,1,2026-06-05T00:42:20Z,0,NEG,0.9712,Negativo
vvHnGUg6BtA,INVESTIGAN A SAMUEL GARCÍA | #shorts,@mariabeatrizmariscalgovea944,Y cuando adán augusto,2,2026-06-04T16:20:13Z,0,NEU,0.7365,Neutral
vvHnGUg6BtA,INVESTIGAN A SAMUEL GARCÍA | #shorts,@gloriabarrios9561,"Como estaria Mexico si no fuera la victima terrible de tanto político mega rata que se ha robado, no millones, billones de pesos, seriamos un pais del Primer Mundo, todo por culpa de estos ratotas!!",1,2026-06-04T20:47:49Z,0,NEG,0.9623,Negativo
vvHnGUg6BtA,INVESTIGAN A SAMUEL GARCÍA | #shorts,@Irm-gi8wl,Pobre de nuestro México cuántas lacras te han sangrado por eso tenemos a un echo un caos,1,2026-06-04T21:42:41Z,0,NEG,0.9798,Negativo
vvHnGUg6BtA,INVESTIGAN A SAMUEL GARCÍA | #shorts,@miguelangelc9118,Que vamos hacer con tanto politico ratero 🤬🤬🤬🤬🤬,1,2026-06-05T00:13:33Z,0,NEG,0.9572,Negativo
vvHnGUg6BtA,INVESTIGAN A SAMUEL GARCÍA | #shorts,@ArturoAlvarezTostado,"A poco salió ratita el fósfo, fosfo???",1,2026-06-04T19:30:41Z,0,NEG,0.5971,Negativo
vvHnGUg6BtA,INVESTIGAN A SAMUEL GARCÍA | #shorts,@fabianaguilera3273,Eso no es raro asta Alazraki lava dinero,1,2026-06-04T16:45:23Z,0,NEU,0.531,Neutral
vvHnGUg6BtA,INVESTIGAN A SAMUEL GARCÍA | #shorts,@KAMELINASoria,Porque nos dejamos?? Siempre decimos que somos más los buenos y honestos. Los mexicanos NO SOMOS CORRUPTOS... QUE ESTÁ PASANDO??,0,2026-06-05T05:42:17Z,0,NEG,0.7559,Negativo
vvHnGUg6BtA,INVESTIGAN A SAMUEL GARCÍA | #shorts,@rocioazpeitia2495,👏🏼👏🏽👏🏻,2,2026-06-04T18:33:25Z,0,NEU,0.0,Neutral
vvHnGUg6BtA,INVESTIGAN A SAMUEL GARCÍA | #shorts,@MandoN-h1s,Con  este Gober si hay pruebas. Pobre Samy si pide pruebas. Se la van a restregar en la jetota😢😂,1,2026-06-04T18:01:11Z,0,NEG,0.9375,Negativo
vvHnGUg6BtA,INVESTIGAN A SAMUEL GARCÍA | #shorts,@ibarmen93,Comienzan las traiciones para poder apoderarse del poder de Nuevo León,5,2026-06-04T14:55:20Z,0,NEG,0.9361,Negativo
vvHnGUg6BtA,INVESTIGAN A SAMUEL GARCÍA | #shorts,@MonicaHernandez-dz5dk,Fuera Samuel y al bote pero que NO lleguen los MoreNarcos a lo alto en NL!! NOOOOOOO!!!  FUNESTO PANORAMA EN NL!!!,0,2026-06-05T03:50:17Z,0,NEG,0.9628,Negativo
vvHnGUg6BtA,INVESTIGAN A SAMUEL GARCÍA | #shorts,@rosetadg6699,A todo político aberrante automáticamente deberían quitarle el fuero .ya ahí demasiadas  pruebas y ahí sigue? Solo por el fuero aquí ya se pasaron que más esperamos ? Se sabe que ahí decisiones que tomar aunque sacudan un poco ..perooo aquí ya. Se están acabando y destruyendo el país que más se espera .el pueblo pide sacarlos .vean como tiene el país este régimen .??,0,2026-06-05T22:18:19Z,0,NEG,0.9638,Negativo
vvHnGUg6BtA,INVESTIGAN A SAMUEL GARCÍA | #shorts,@JoseJimenez-qi9xr,"ese es lo peor, y después dices por que mexico no avanza, como dicen y con su papa, ,,, es mi opinión.  que tu seas rata pues ni modo. pero que tu enseñes a tus hijos a  ser ratas , no se vale,  por esos los politicos no se acaban pues si enseñan a sus hijos . solo vasta ver este caso , y la familia lopez, solo por decir , por que son todos , jajjajaj",1,2026-06-04T19:42:02Z,0,NEG,0.9656,Negativo
vvHnGUg6BtA,INVESTIGAN A SAMUEL GARCÍA | #shorts,@myriamvillasenor8275,"Es mejor el pan de cada día, salió caro pero de mejor digestión",0,2026-06-05T09:17:41Z,0,POS,0.7656,Positivo
vvHnGUg6BtA,INVESTIGAN A SAMUEL GARCÍA | #shorts,@Fcozamora-u5c2b,YO FUI A LAS MARCHAS PARA DEFENDER AL PODER JUDICIAL Y TAMBIÉN A  OTRA MARCHA A DEFENDER LOS 3 PODERES DE LA NACIÓN.,0,2026-06-06T07:19:10Z,0,NEU,0.6553,Neutral
vvHnGUg6BtA,INVESTIGAN A SAMUEL GARCÍA | #shorts,@garzapinaivonne,Y también Marianita está implicada!,0,2026-06-05T09:44:16Z,0,NEU,0.5007,Neutral
vvHnGUg6BtA,INVESTIGAN A SAMUEL GARCÍA | #shorts,@luissllva7523,Beto garza ya vuelve a Guanajuato contud momias,1,2026-06-04T16:10:16Z,0,NEU,0.4794,Neutral
8h8xzWPIQIQ,Ya llegamos a El Barrial en Santiago,@jonathanlarareyna699,❤❤❤saludos..arriba el Barrial y tambien los Rodriguez✌️👍...saludos Gober👍,2,2026-06-06T01:29:44Z,0,POS,0.6683,Positivo
8h8xzWPIQIQ,Ya llegamos a El Barrial en Santiago,@AguilaM-t4j,Ke Dios los Bendiga a todos los Japoneses zon Gereros y ban a tener buenos heventos.✔️👍👍,1,2026-06-06T04:08:11Z,0,POS,0.9222,Positivo
8h8xzWPIQIQ,Ya llegamos a El Barrial en Santiago,@abrahamgonzalez7161,Que hace un tigre en el barrial,1,2026-06-06T15:47:55Z,1,NEG,0.7318,Negativo
8h8xzWPIQIQ,Ya llegamos a El Barrial en Santiago,@BillyCasas-x1i,APOCO ANDA MARCIAL HERRERA EL DE PLAYERA AZUL CON EL ESCUDO DE RAYADOS,0,2026-06-06T17:25:45Z,0,NEU,0.56,Neutral
8h8xzWPIQIQ,Ya llegamos a El Barrial en Santiago,@enriquehg10,"Samuel me apuntas las tácticas que veas de los japoneses y se las pasas al Vasco, con todo mi futuro presidente 2030 🤠",0,2026-06-06T03:38:13Z,0,NEU,0.627,Neutral
8h8xzWPIQIQ,Ya llegamos a El Barrial en Santiago,@SofiaHernandez-u5q,Ridiculo🤡🤡,0,2026-06-06T17:53:11Z,0,NEG,0.531,Negativo
-LJh-Pe9Gic,FIFA frena a Gobernador Samuel García por Intentar Usar Colores Partidistas en Fan Fest,@gracielasantiago3234,"Puro inútil, ignorantes políticos que quieren tomar posesión de todo y de todos.",194,2026-06-06T12:12:26Z,2,NEG,0.976,Negativo
-LJh-Pe9Gic,FIFA frena a Gobernador Samuel García por Intentar Usar Colores Partidistas en Fan Fest,@HH_0077,Estás en fuera de lugar Samuelito ❌,120,2026-06-06T09:29:00Z,0,NEG,0.9024,Negativo
-LJh-Pe9Gic,FIFA frena a Gobernador Samuel García por Intentar Usar Colores Partidistas en Fan Fest,@cssml33,Tiene más poder una asociación de fútbol que las autoridades mexicanas 😂😂😂,194,2026-06-06T08:34:13Z,26,NEU,0.3916,Neutral
-LJh-Pe9Gic,FIFA frena a Gobernador Samuel García por Intentar Usar Colores Partidistas en Fan Fest,@xvngs5662,Samuel y Clarita han sacado sus verdaderos colores de protagonismo.,67,2026-06-06T12:32:26Z,0,POS,0.93,Positivo
-LJh-Pe9Gic,FIFA frena a Gobernador Samuel García por Intentar Usar Colores Partidistas en Fan Fest,@AngelicaMontejo-yx4pc,Los políticos mexicanos una vergüenza,121,2026-06-06T12:56:55Z,5,NEG,0.9719,Negativo
-LJh-Pe9Gic,FIFA frena a Gobernador Samuel García por Intentar Usar Colores Partidistas en Fan Fest,@AsdrubalEduardo,"Queriendo politizar todo, que vergüenza.",109,2026-06-06T06:57:45Z,2,NEG,0.9761,Negativo
-LJh-Pe9Gic,FIFA frena a Gobernador Samuel García por Intentar Usar Colores Partidistas en Fan Fest,@carmencastellanos3751,Al fin alguien le puso un alto. 🙄👏👏👏,100,2026-06-06T06:29:12Z,5,POS,0.8817,Positivo
-LJh-Pe9Gic,FIFA frena a Gobernador Samuel García por Intentar Usar Colores Partidistas en Fan Fest,@abrahammansillas2177,Que asco ! México en verdd da pena con tanta corrupción.,5,2026-06-07T05:56:07Z,0,NEG,0.9813,Negativo
-LJh-Pe9Gic,FIFA frena a Gobernador Samuel García por Intentar Usar Colores Partidistas en Fan Fest,@carlosespinosa1608,Jajajja que estúpido ese gobernador...,32,2026-06-06T12:30:02Z,1,NEG,0.9575,Negativo
-LJh-Pe9Gic,FIFA frena a Gobernador Samuel García por Intentar Usar Colores Partidistas en Fan Fest,@daginsalazaryt5498,El Gobernador de San Luis Potosí también esta haciendo lo mismo,6,2026-06-06T18:07:19Z,0,NEG,0.6831,Negativo
-LJh-Pe9Gic,FIFA frena a Gobernador Samuel García por Intentar Usar Colores Partidistas en Fan Fest,@TelesforoyouT2ber,Solo esta asiendo el ridiculo ese Governador,50,2026-06-06T11:33:58Z,2,NEG,0.9646,Negativo
-LJh-Pe9Gic,FIFA frena a Gobernador Samuel García por Intentar Usar Colores Partidistas en Fan Fest,@JhoanGonzalez-kn1zq,Gasta demasiado dinero del pueblo en sus lujos personales,2,2026-06-07T03:48:07Z,0,NEG,0.8983,Negativo
-LJh-Pe9Gic,FIFA frena a Gobernador Samuel García por Intentar Usar Colores Partidistas en Fan Fest,@rocioreyes639,"Que decepcion, como se dan a conocer de su avaricia y querer tener un poder para beneficio propio  el gobierno y para el pueblo pura 💩",2,2026-06-06T15:57:19Z,0,NEG,0.9867,Negativo
-LJh-Pe9Gic,FIFA frena a Gobernador Samuel García por Intentar Usar Colores Partidistas en Fan Fest,@luishark19,De verdad que este señor actúa como Jerónimo Ponce III de la serie La Oficina,5,2026-06-06T15:17:37Z,0,NEG,0.6984,Negativo
-LJh-Pe9Gic,FIFA frena a Gobernador Samuel García por Intentar Usar Colores Partidistas en Fan Fest,@walfredsanchez770,"Chingao puras vergüenzas estamos haciendo , estamos quedando bien mal ante el mundo",2,2026-06-06T23:55:53Z,0,NEG,0.9871,Negativo
-LJh-Pe9Gic,FIFA frena a Gobernador Samuel García por Intentar Usar Colores Partidistas en Fan Fest,@mustang_304,"El problema no son los politicos, esos de por si ya lo son, el sistema se formo para hacer que todos se deformen cuando estan ahi, <br>Entonces el problema es social y recae en  las personas que no disciernen o comprenden lo que es bueno y lo que es malo,  Samuel juega con la ansiedad de los jóvenes y que estan conectados todo el dia,  satura redes con la  idea de reconocimiento  y asociar como un agente de cambio y solo esta aprovechando, solo es propaganda al mas viejo estilo,<br>Samuel como todo joven tuvo la oportunidad de trascender de manera correcta,  pero no,  solo es , y sera, uno mas que no le interesa mas que lo de el, haciendo nueva política de forma antigua aprovechando los medios digitales para generar exposicion, basicamente maneja el gobierno a estilo influencer, No hay nada mas satisfactorio genuino y lleno de nobleza que hacer lo correcto, justo y en beneficio de todos, y hacerlo cuando nadie te vea, porque hacerlo solo porque te ven le quita espiritu,, que lo correcto hable por si solo y no por subirlo a redes",2,2026-06-06T18:45:57Z,0,NEG,0.9601,Negativo
-LJh-Pe9Gic,FIFA frena a Gobernador Samuel García por Intentar Usar Colores Partidistas en Fan Fest,@martinmorales5719,"Tu lo has dicho Enrique Penoso vergonsoso, y una vez mas los politicos sea de donde sea nada mas viendo por sus intereses y no los del pueblo que verguenza",3,2026-06-06T16:52:16Z,0,NEG,0.9823,Negativo
-LJh-Pe9Gic,FIFA frena a Gobernador Samuel García por Intentar Usar Colores Partidistas en Fan Fest,@a.a.zendahn6390,Esto se convirtió en un capítulo de The Office 😅,2,2026-06-06T14:55:10Z,0,NEG,0.7718,Negativo
-LJh-Pe9Gic,FIFA frena a Gobernador Samuel García por Intentar Usar Colores Partidistas en Fan Fest,@Aldo-Rocha-SER,Igual que el Gallardo en SLP con su partido verde que ni si quiera respeta los colores del reglamento de tránsito pintando todo verde,2,2026-06-06T16:31:25Z,0,NEG,0.9694,Negativo
-LJh-Pe9Gic,FIFA frena a Gobernador Samuel García por Intentar Usar Colores Partidistas en Fan Fest,@JuanaIsidor,Descarado,3,2026-06-06T14:44:19Z,0,NEG,0.6051,Negativo
-LJh-Pe9Gic,FIFA frena a Gobernador Samuel García por Intentar Usar Colores Partidistas en Fan Fest,@javierhernandezbonilla2165,"Pasaron tantos años, hasta que alguien le puso un quitar risas, y <br>¡Vaya quien!",29,2026-06-06T07:34:48Z,5,NEU,0.5748,Neutral
-LJh-Pe9Gic,FIFA frena a Gobernador Samuel García por Intentar Usar Colores Partidistas en Fan Fest,@jjgarciaruiz5553,"Aqui en Jal, si estan promocionandose los naranjas con la mugre FIFA.",3,2026-06-06T18:47:46Z,0,NEG,0.9741,Negativo
-LJh-Pe9Gic,FIFA frena a Gobernador Samuel García por Intentar Usar Colores Partidistas en Fan Fest,@michellecadena3875,Que raro aquí en Monterrey toda el área de fan fest esta multicolor de hecho las escaleras que han pintado hace un efecto de color neón que brilla en la noche lo cual es muy útil por si andas distraído para ver los escalones.,2,2026-06-06T18:27:50Z,0,POS,0.8226,Positivo
-LJh-Pe9Gic,FIFA frena a Gobernador Samuel García por Intentar Usar Colores Partidistas en Fan Fest,@estebanmartinez4186,"En San Luis que ni es sede, el gobernador alucin ya sacó su versión de la playera de la selección cambiando el escudo de la Federación por un pollo verde y haciendo campaña para su esposa que en este mundial todo san Luis es verde 😂😂",10,2026-06-06T10:28:49Z,2,NEG,0.6903,Negativo
-LJh-Pe9Gic,FIFA frena a Gobernador Samuel García por Intentar Usar Colores Partidistas en Fan Fest,@El.Señor.Contreras,INTERÉS PERSONAL ANTES QUE EL INTERÉS PUBLUCO... asi es y asi será  😢,3,2026-06-06T13:17:13Z,0,NEU,0.6854,Neutral
-LJh-Pe9Gic,FIFA frena a Gobernador Samuel García por Intentar Usar Colores Partidistas en Fan Fest,@BrandonMaya-k4x,También la anciana de Brugada se equivocó porque puso el símbolo del gobierno de la CDMX (tapando parte del patrocinador Coca cola) en la presentación del trofeo donde estuvo el exfutbolista Roberto Carlos. <br>Puras vergüenzas con éstos políticos,1,2026-06-06T16:28:32Z,0,NEG,0.9786,Negativo
-LJh-Pe9Gic,FIFA frena a Gobernador Samuel García por Intentar Usar Colores Partidistas en Fan Fest,@EmigdioSoto-f7p,Jajajaja jajaja que bueno que le pusieron un alto al gobernador prepotente 😅😅😅😅,3,2026-06-06T14:24:16Z,0,POS,0.7012,Positivo
-LJh-Pe9Gic,FIFA frena a Gobernador Samuel García por Intentar Usar Colores Partidistas en Fan Fest,@OmarFacundo-m1h5s,Ese señor ha de estar bien preocupado,1,2026-06-06T16:59:34Z,0,NEG,0.812,Negativo
-LJh-Pe9Gic,FIFA frena a Gobernador Samuel García por Intentar Usar Colores Partidistas en Fan Fest,@Whalt3rWhith3,Que Vergüenza mi MEXICO!,26,2026-06-06T13:17:34Z,0,NEG,0.9603,Negativo
-LJh-Pe9Gic,FIFA frena a Gobernador Samuel García por Intentar Usar Colores Partidistas en Fan Fest,@omardzguz,"Pero donde están las imágenes o el report, es mas penoso que den noticias de oposición con habladurías",11,2026-06-06T11:32:30Z,2,NEG,0.9809,Negativo
-LJh-Pe9Gic,FIFA frena a Gobernador Samuel García por Intentar Usar Colores Partidistas en Fan Fest,@victoriafelixsanchez7991,Nadamas habla y ni muestra nada,2,2026-06-06T19:41:01Z,0,NEG,0.9491,Negativo
-LJh-Pe9Gic,FIFA frena a Gobernador Samuel García por Intentar Usar Colores Partidistas en Fan Fest,@Sroja-p9f,<b><i>PRIMERO... LOS POTREROS DE CANCHAS QUE  TIENEN EN MONTERREY.. ..Y AHORA ESTO..</i></b>,7,2026-06-06T11:26:49Z,1,NEG,0.9249,Negativo
-LJh-Pe9Gic,FIFA frena a Gobernador Samuel García por Intentar Usar Colores Partidistas en Fan Fest,@TrabajadoraSocial2026,"Y Samuel García debería de decirle a la FIFA que no sean tan r@teros con los precios de los boletos para los partidos 🙄 Y que no le dé  seguridad como gobierno, que la contraten ellos, al cabo que por dinero, no paran!",1,2026-06-07T04:17:35Z,0,NEG,0.9378,Negativo
-LJh-Pe9Gic,FIFA frena a Gobernador Samuel García por Intentar Usar Colores Partidistas en Fan Fest,@est-y4i,Ándale por arguendero,4,2026-06-06T15:05:00Z,0,NEG,0.6148,Negativo
-LJh-Pe9Gic,FIFA frena a Gobernador Samuel García por Intentar Usar Colores Partidistas en Fan Fest,@tastemaxident3750,la FIFA: Detente Jochis <b>inserte el meme de baby boop con su letrero detente jochis</b>,14,2026-06-06T07:39:41Z,0,NEU,0.6588,Neutral
-LJh-Pe9Gic,FIFA frena a Gobernador Samuel García por Intentar Usar Colores Partidistas en Fan Fest,@Fifii256,"<b>EN EL 2027 SE VAN EL PRIANMC 🎉🎉😂😂  QUE BUENO SON TAN ADICTOS,TAN VENDE PATRIAS, TAN TINTOKERS 😂😂😂😂TAN PRIMARIAS TRUNCAS, TAN ALUCINES SON LO PEOR QUE NOS PASO COMO PAIS , APARTE COMO ES POSIBLE QUE EN MONTERREY NADIE SABIA QUE EL ESPAÑOL RIQUELME ES DUEÑO DE LA LUZ Y EL AGUA DE LOS MEXICANOS DE MONTERREY 😂😂😂JAJAJAJAJ OSEA QUE VENDE PATRIAS SON LA VERDAD DAN PEÑA NIETO 😂😂😂😂</b>",2,2026-06-06T16:22:36Z,0,NEG,0.9812,Negativo
-LJh-Pe9Gic,FIFA frena a Gobernador Samuel García por Intentar Usar Colores Partidistas en Fan Fest,@damonmx,Video que pudo ser un reel  🙄,2,2026-06-06T15:19:05Z,1,NEU,0.6526,Neutral
-LJh-Pe9Gic,FIFA frena a Gobernador Samuel García por Intentar Usar Colores Partidistas en Fan Fest,@ArmandoGalarza-ii6gq,Cuachamen siendo cuachamen 😊,1,2026-06-07T03:17:38Z,0,NEU,0.7026,Neutral
-LJh-Pe9Gic,FIFA frena a Gobernador Samuel García por Intentar Usar Colores Partidistas en Fan Fest,@jesusortarangel5022,Siempre echando a perder todo neta,1,2026-06-06T15:03:50Z,0,NEG,0.9719,Negativo
-LJh-Pe9Gic,FIFA frena a Gobernador Samuel García por Intentar Usar Colores Partidistas en Fan Fest,@jeanSH.,Fuente de los deseos,1,2026-06-06T15:22:17Z,0,POS,0.587,Positivo
-LJh-Pe9Gic,FIFA frena a Gobernador Samuel García por Intentar Usar Colores Partidistas en Fan Fest,@ArturoMO1107,¿La FIFA como organización privada es pública? No mms jaja,1,2026-06-06T14:30:43Z,0,NEG,0.7386,Negativo
-LJh-Pe9Gic,FIFA frena a Gobernador Samuel García por Intentar Usar Colores Partidistas en Fan Fest,@tractor501,Sacando el cobre😂😂,2,2026-06-06T14:46:08Z,0,NEU,0.643,Neutral
-LJh-Pe9Gic,FIFA frena a Gobernador Samuel García por Intentar Usar Colores Partidistas en Fan Fest,@NotaComica,Jaja qué Grande Samuel 😎,2,2026-06-06T14:00:03Z,0,POS,0.8753,Positivo
-LJh-Pe9Gic,FIFA frena a Gobernador Samuel García por Intentar Usar Colores Partidistas en Fan Fest,@Atlas3ISam,Brugada tambien queriendo hacer su propia mascota del mundial con sus ajolotes,1,2026-06-07T00:38:53Z,0,NEU,0.682,Neutral
-LJh-Pe9Gic,FIFA frena a Gobernador Samuel García por Intentar Usar Colores Partidistas en Fan Fest,@joal6110,Pues para que lo invitan si ya saben cómo es 😅,1,2026-06-06T14:08:45Z,0,NEG,0.7429,Negativo
-LJh-Pe9Gic,FIFA frena a Gobernador Samuel García por Intentar Usar Colores Partidistas en Fan Fest,@GARTEN-z4s,"Lo que más sorprende no es lo que haga los políticos, es que ahora la f1f4 tiene poder sobre las personas, si yo recuerdo antes era un poco más libre y podías expresarte libremente de ese deporte, no me quiero imaginar más adelante si mencionas algo que venga con ese deporte hasta te sancionaran como nunca antes visto 😂, esta como el caso de una señora que según es dueña del sol, al rato nos van a cobrar si salimos de día o algún tipo de sanción 🤣",1,2026-06-06T17:00:26Z,0,NEG,0.8553,Negativo
-LJh-Pe9Gic,FIFA frena a Gobernador Samuel García por Intentar Usar Colores Partidistas en Fan Fest,@jsnte3278,"No me agrada la política de Samuel García, me caga MC tanto como el PRI, pero que no mame la FIFA. Recuerden que gracias a Peña Nieto, nada más México, firmado desde el 2018 por el mismo Peña, libró a la FIFA de pagar impuestos por el Mundial y casi que esto se extendía hasta el 2028 o más de no ser porque la actual administración renegoció esa situación cerrándolo a sólo 2026. Así que, repito, aunque me cague lo que haga Samuel, mínimo ya que la corrupta FIFA no pagara impuestos, tiene derecho a usar todo lo que quiera esa compañía y lo digo así para cualquier partido político.",2,2026-06-06T15:56:14Z,1,NEG,0.9256,Negativo
-LJh-Pe9Gic,FIFA frena a Gobernador Samuel García por Intentar Usar Colores Partidistas en Fan Fest,@AlejandroLopor,"Fifa pidió no politizar? xD pero que tal a Rusia lo politizaron y ahorita hasta Estados Unidos, israel e irán estan politizando el mundial...",16,2026-06-06T07:09:16Z,0,NEG,0.8666,Negativo
-LJh-Pe9Gic,FIFA frena a Gobernador Samuel García por Intentar Usar Colores Partidistas en Fan Fest,@Dan1el_R,Fuente: De los deseos.,4,2026-06-06T12:27:24Z,2,POS,0.6476,Positivo
-LJh-Pe9Gic,FIFA frena a Gobernador Samuel García por Intentar Usar Colores Partidistas en Fan Fest,@juliocesartapia4747,"La verdad es muy lamentable que usen sus ideas políticas como en el caso del gobierno de la CDMX o traten de hacerse propaganda como en este caso colgándose del mundial de la FIFA, un evento que de por si es de acceso reducido, los gobiernos que se dediquen a los problemas de su ciudad y ciudadadanos",1,2026-06-06T14:33:20Z,0,NEG,0.9856,Negativo
FTPwyBpuXos,“Que chulada”: Samuel García recibe a Selección de Japón con sombreros,@ValentínValtierra-m1x,Muy feliz pero no dado la cara de los casos de corrupción que tiene.,9,2026-06-03T20:57:25Z,0,NEG,0.9239,Negativo
FTPwyBpuXos,“Que chulada”: Samuel García recibe a Selección de Japón con sombreros,@victorzuniga9219,Que ridículo y otra vez del erario del pueblo es un descarado vividor,7,2026-06-04T14:18:14Z,0,NEG,0.9664,Negativo
FTPwyBpuXos,“Que chulada”: Samuel García recibe a Selección de Japón con sombreros,@adulfojimenez6061,"Samuel garcia, ya está en campaña, pero con los chinos.",5,2026-06-03T21:09:11Z,0,NEU,0.5665,Neutral
FTPwyBpuXos,“Que chulada”: Samuel García recibe a Selección de Japón con sombreros,@TrolldePC,"SAMUEL no tuvo listo el lugar para que entrenara la delegación JAPONESA la cual rentó un lugar que no estuvo con las condiciones adecuadas era un espacio de los TIGRES y tuvieron que pedirle a los del Monterrey que les prestaran una cancha, y aqui lo vemos recibir SIN TOLDO a la delegacion de Japón en el CALORÓN. Y por cierto saludando en &quot;Inglés&quot; en México.",3,2026-06-04T23:09:15Z,4,NEG,0.9573,Negativo
FTPwyBpuXos,“Que chulada”: Samuel García recibe a Selección de Japón con sombreros,@marycontreras5944,Regalando sombreros<br>Surte de medicamentos a la clínica #6<br>Dicen que no hay <br>Esa gente no necesita,1,2026-06-05T23:17:28Z,0,NEU,0.7258,Neutral
FTPwyBpuXos,“Que chulada”: Samuel García recibe a Selección de Japón con sombreros,@everardocalderon8720,"Más barbero no se puede, corruptazo",4,2026-06-04T12:15:43Z,0,NEG,0.9252,Negativo
FTPwyBpuXos,“Que chulada”: Samuel García recibe a Selección de Japón con sombreros,@bernardocruz6524,Y el dinero samuel .... donde esta la feria ..,3,2026-06-04T00:52:41Z,0,NEG,0.5507,Negativo
FTPwyBpuXos,“Que chulada”: Samuel García recibe a Selección de Japón con sombreros,@nemeciojimenez4745,Payaso  se gasta el presupuesto del estado no sea  ratero  ni con eso ganas tu  campaña,3,2026-06-04T22:57:05Z,0,NEG,0.9415,Negativo
FTPwyBpuXos,“Que chulada”: Samuel García recibe a Selección de Japón con sombreros,@pinochet1959,"En lugar de pararse en cuello Samuel García con obras que son resultado del esfuerzo de los neoleoneses, que devuelva el dinero que se ha robado producto de las factureras que creo",1,2026-06-04T23:09:15Z,0,NEG,0.958,Negativo
FTPwyBpuXos,“Que chulada”: Samuel García recibe a Selección de Japón con sombreros,@gerardoalamguerlara2659,Así o más 🤡 el Samuel,2,2026-06-03T21:25:24Z,0,NEG,0.7212,Negativo
FTPwyBpuXos,“Que chulada”: Samuel García recibe a Selección de Japón con sombreros,@AdalbertoJaimeGarcíaHgo,Faltó el 3 Doritos después,0,2026-06-06T04:49:59Z,0,NEU,0.75,Neutral
FTPwyBpuXos,“Que chulada”: Samuel García recibe a Selección de Japón con sombreros,@CarlosCarmona77-r8k,My friend welcome Huerco fue lo que dijo,0,2026-06-04T16:58:42Z,0,NEU,0.7469,Neutral
FTPwyBpuXos,“Que chulada”: Samuel García recibe a Selección de Japón con sombreros,@oscarhermosillo6031,Ah que quijadas como siempre de arrastrado,2,2026-06-04T03:08:10Z,0,NEG,0.9341,Negativo
FTPwyBpuXos,“Que chulada”: Samuel García recibe a Selección de Japón con sombreros,@Pablo-hl2ii,O S O 🐻,0,2026-06-04T02:51:10Z,0,NEU,0.5376,Neutral
FTPwyBpuXos,“Que chulada”: Samuel García recibe a Selección de Japón con sombreros,@VictorPedroza-q9j,S A Y O N A R A,0,2026-06-03T22:10:13Z,0,NEU,0.429,Neutral
FTPwyBpuXos,“Que chulada”: Samuel García recibe a Selección de Japón con sombreros,@EvelinCoto-l6e,😂😂😂😂😂 welcome 😂😂😂así  le dirán en el tambo por su corrupción 🎉🎉🎉,1,2026-06-04T22:55:21Z,0,NEG,0.7397,Negativo
6VV1p7ZUrC0,"FGR LO AGARRA EN CURVA ¡SAMUEL GARCÍA AL DESCUBIERTO! MÁS DE 15 MDP, NIEGAN AMPARO A CABEZA DE VACA",@pepitoojeda74,"SAMUEL GARCÍA DESDÉ CUÁNDO DEBERÍA DE ESTÁR EN LA CÁRCEL, TIENE LAS UÑAS MUY LARGAS 😡🤮",2,2026-06-07T00:45:32Z,0,NEG,0.973,Negativo
6VV1p7ZUrC0,"FGR LO AGARRA EN CURVA ¡SAMUEL GARCÍA AL DESCUBIERTO! MÁS DE 15 MDP, NIEGAN AMPARO A CABEZA DE VACA",@SantosNaranjo-w7e,Mercado politico que se les quite todo por ratas,1,2026-06-07T00:14:18Z,0,NEG,0.8418,Negativo
6VV1p7ZUrC0,"FGR LO AGARRA EN CURVA ¡SAMUEL GARCÍA AL DESCUBIERTO! MÁS DE 15 MDP, NIEGAN AMPARO A CABEZA DE VACA",@rositacortes1435,Saludos y Bendiciones Ceci!!!!!,2,2026-06-07T01:18:34Z,0,POS,0.9059,Positivo
6VV1p7ZUrC0,"FGR LO AGARRA EN CURVA ¡SAMUEL GARCÍA AL DESCUBIERTO! MÁS DE 15 MDP, NIEGAN AMPARO A CABEZA DE VACA",@luzdavila1535,Cuándo asumirán su responsabilidad los del PRIAN? Siempre culpando a la presidenta??,1,2026-06-07T02:43:39Z,0,NEG,0.9489,Negativo
6VV1p7ZUrC0,"FGR LO AGARRA EN CURVA ¡SAMUEL GARCÍA AL DESCUBIERTO! MÁS DE 15 MDP, NIEGAN AMPARO A CABEZA DE VACA",@MelganoServantes,EEUU Traidor ala JUSTICIA un RATERO Sea elq SEA Como SAMUEL GARCIA FACTURERO d Mexico ROBA Millones se BA a EEUU y Alla lo PROTEJEN Esa es la Justicia q hace EEUU,4,2026-06-06T20:13:21Z,0,NEG,0.9572,Negativo
6VV1p7ZUrC0,"FGR LO AGARRA EN CURVA ¡SAMUEL GARCÍA AL DESCUBIERTO! MÁS DE 15 MDP, NIEGAN AMPARO A CABEZA DE VACA",@pepitoojeda74,SALUDOS CECY GRACIAS POR INFORMAR ☺️❤️,1,2026-06-07T00:44:00Z,0,POS,0.7883,Positivo
6VV1p7ZUrC0,"FGR LO AGARRA EN CURVA ¡SAMUEL GARCÍA AL DESCUBIERTO! MÁS DE 15 MDP, NIEGAN AMPARO A CABEZA DE VACA",@eritach,"Bien güerita, muy  acertada, reafirmando simplemente la realidad de éstas lacras corruptas PrianMCistas 🙂😉👍🏼",1,2026-06-06T18:53:49Z,0,NEG,0.6506,Negativo
6VV1p7ZUrC0,"FGR LO AGARRA EN CURVA ¡SAMUEL GARCÍA AL DESCUBIERTO! MÁS DE 15 MDP, NIEGAN AMPARO A CABEZA DE VACA",@gusperez3852,Saludos preciosa d modesto california Gustavo Pérez,1,2026-06-07T01:22:00Z,0,POS,0.5778,Positivo
6VV1p7ZUrC0,"FGR LO AGARRA EN CURVA ¡SAMUEL GARCÍA AL DESCUBIERTO! MÁS DE 15 MDP, NIEGAN AMPARO A CABEZA DE VACA",@aliciaelizondo5177,👍👍👍👍👍👍👍👍👍👍👍👍👍👍👍👍👍👍👍👍👍👍👍👍,2,2026-06-06T18:33:56Z,0,NEU,0.0,Neutral
6VV1p7ZUrC0,"FGR LO AGARRA EN CURVA ¡SAMUEL GARCÍA AL DESCUBIERTO! MÁS DE 15 MDP, NIEGAN AMPARO A CABEZA DE VACA",@antiniogarcia8220,Esos factureros es el delito más grave que puede haber en México se dan una idea que estén pagando por cosas fantasmas,2,2026-06-06T17:15:15Z,1,NEG,0.9814,Negativo
6VV1p7ZUrC0,"FGR LO AGARRA EN CURVA ¡SAMUEL GARCÍA AL DESCUBIERTO! MÁS DE 15 MDP, NIEGAN AMPARO A CABEZA DE VACA",@AmadorRangel-o5q,"Urge que ya se haga cumplir la justicia ,porque si ya se investogo y hay culpailidad comprobada ,que se actur con firmess y detenga a los cupables y se le incauten las cuentas urge ya se actue y no seguir protegiendolos ,todoa gobierno en los hres niveles de gobierno  e investihue y si son culpsbles que enfrenten la  justicia ,dea quirn sea y del partido que sea,  que ya no le den largas hay que actuar ya",0,2026-06-06T20:11:42Z,0,NEG,0.668,Negativo
6VV1p7ZUrC0,"FGR LO AGARRA EN CURVA ¡SAMUEL GARCÍA AL DESCUBIERTO! MÁS DE 15 MDP, NIEGAN AMPARO A CABEZA DE VACA",@ignaciogaray3047,"Hola Cecy, gracias por mantenernos bien informados, saludos cordiales desde Yautepec, Morelos, México.",0,2026-06-06T21:27:57Z,0,POS,0.8575,Positivo
6VV1p7ZUrC0,"FGR LO AGARRA EN CURVA ¡SAMUEL GARCÍA AL DESCUBIERTO! MÁS DE 15 MDP, NIEGAN AMPARO A CABEZA DE VACA",@josejaram6679,Justicia para los corruptos de los Estados de Maru Campos y Samuel,1,2026-06-06T20:19:21Z,0,NEG,0.9085,Negativo
6VV1p7ZUrC0,"FGR LO AGARRA EN CURVA ¡SAMUEL GARCÍA AL DESCUBIERTO! MÁS DE 15 MDP, NIEGAN AMPARO A CABEZA DE VACA",@marthairmawechner272,"gracias Ceci, saludos desde Monterrey, espero que ya lo metan a la carcel al samuel",0,2026-06-06T19:07:49Z,0,POS,0.8484,Positivo
6VV1p7ZUrC0,"FGR LO AGARRA EN CURVA ¡SAMUEL GARCÍA AL DESCUBIERTO! MÁS DE 15 MDP, NIEGAN AMPARO A CABEZA DE VACA",@JgerardoHdz,Que chen de todo en nuevo león también de las amenazas Ami y a mucha gente,0,2026-06-07T00:08:38Z,0,NEG,0.9453,Negativo
6VV1p7ZUrC0,"FGR LO AGARRA EN CURVA ¡SAMUEL GARCÍA AL DESCUBIERTO! MÁS DE 15 MDP, NIEGAN AMPARO A CABEZA DE VACA",@MiguelZazueta-cd1yc,Buen dia cecy  que tenga buen fin de semana con su familia cuidese mucho,0,2026-06-06T18:29:27Z,0,POS,0.8982,Positivo
6VV1p7ZUrC0,"FGR LO AGARRA EN CURVA ¡SAMUEL GARCÍA AL DESCUBIERTO! MÁS DE 15 MDP, NIEGAN AMPARO A CABEZA DE VACA",@usielarguelles6000,"Desde La CD. De Pánuco, Ver. Estamos viendo y escuchando tú Noticiero, que lo conduces muy bien, y estamos enterando de tanta noticias que acontecen a nivel local, nacionales e internacionales, felicidad por ir adelante!!",0,2026-06-06T19:57:01Z,0,POS,0.9725,Positivo
6VV1p7ZUrC0,"FGR LO AGARRA EN CURVA ¡SAMUEL GARCÍA AL DESCUBIERTO! MÁS DE 15 MDP, NIEGAN AMPARO A CABEZA DE VACA",@aliciaelizondo5177,Dios lo. Bendiga,0,2026-06-06T18:33:46Z,0,POS,0.8035,Positivo
6VV1p7ZUrC0,"FGR LO AGARRA EN CURVA ¡SAMUEL GARCÍA AL DESCUBIERTO! MÁS DE 15 MDP, NIEGAN AMPARO A CABEZA DE VACA",@ernestopicazo3768,Super Super Ibformavion🎉🎉🎉,0,2026-06-06T20:15:57Z,0,NEU,0.4766,Neutral
6VV1p7ZUrC0,"FGR LO AGARRA EN CURVA ¡SAMUEL GARCÍA AL DESCUBIERTO! MÁS DE 15 MDP, NIEGAN AMPARO A CABEZA DE VACA",@MoisesJimenez-i1f,"Saludos Ceci hermosa ,desde chiapas",3,2026-06-06T16:54:57Z,1,POS,0.8585,Positivo
6VV1p7ZUrC0,"FGR LO AGARRA EN CURVA ¡SAMUEL GARCÍA AL DESCUBIERTO! MÁS DE 15 MDP, NIEGAN AMPARO A CABEZA DE VACA",@SimonGamp,Saludos Ceci desde el sur cdmx. Muchos descubrimientos muchas investigaciones  y como para cuando las sentencias a estos personajes? Mucho ruido  y pocas nueces,0,2026-06-06T19:00:56Z,0,NEG,0.8046,Negativo
6VV1p7ZUrC0,"FGR LO AGARRA EN CURVA ¡SAMUEL GARCÍA AL DESCUBIERTO! MÁS DE 15 MDP, NIEGAN AMPARO A CABEZA DE VACA",@aliciaelizondo5177,Bonita tarde. Cesi.   Villalpando,0,2026-06-06T18:33:36Z,0,POS,0.6395,Positivo
6VV1p7ZUrC0,"FGR LO AGARRA EN CURVA ¡SAMUEL GARCÍA AL DESCUBIERTO! MÁS DE 15 MDP, NIEGAN AMPARO A CABEZA DE VACA",@dulcetorres3821,Saludos desde los cabos soy dulce torres,0,2026-06-07T00:32:03Z,0,NEU,0.5075,Neutral
6VV1p7ZUrC0,"FGR LO AGARRA EN CURVA ¡SAMUEL GARCÍA AL DESCUBIERTO! MÁS DE 15 MDP, NIEGAN AMPARO A CABEZA DE VACA",@sepillinhuerta5913,Saludos ceci viyalpando  desde usa y estoy con la doc claudia,0,2026-06-06T18:01:14Z,0,POS,0.5553,Positivo
6VV1p7ZUrC0,"FGR LO AGARRA EN CURVA ¡SAMUEL GARCÍA AL DESCUBIERTO! MÁS DE 15 MDP, NIEGAN AMPARO A CABEZA DE VACA",@ramonangeltiradotrujillo3496,SAMUEL GARCÍA Y CABEZA DE VACA LOS PROTEGEN LOS GRINGOS.,0,2026-06-06T17:07:55Z,0,NEG,0.7412,Negativo
6VV1p7ZUrC0,"FGR LO AGARRA EN CURVA ¡SAMUEL GARCÍA AL DESCUBIERTO! MÁS DE 15 MDP, NIEGAN AMPARO A CABEZA DE VACA",@lubiapamatz2458,Y no que el gobierno extranjero quiere a todos los narcos que poga a cavesa de vaca en tonses donde y quiénes son narcos viva mexico mi presidenta amlo y la cuarta transformación,0,2026-06-07T01:38:17Z,0,NEG,0.8628,Negativo
6VV1p7ZUrC0,"FGR LO AGARRA EN CURVA ¡SAMUEL GARCÍA AL DESCUBIERTO! MÁS DE 15 MDP, NIEGAN AMPARO A CABEZA DE VACA",@ValenteBasurtoreyes,Un saludo cecy desde acapulco,1,2026-06-06T17:28:07Z,1,POS,0.703,Positivo
6VV1p7ZUrC0,"FGR LO AGARRA EN CURVA ¡SAMUEL GARCÍA AL DESCUBIERTO! MÁS DE 15 MDP, NIEGAN AMPARO A CABEZA DE VACA",@MIGUELANGELALMEIDA-h3l,"bonito día Cecy, la corrupción del prian no se tapa con argumentitos ridículos, mañana empieza a terminar de extinguirse el pri.",0,2026-06-06T18:51:02Z,0,NEG,0.8292,Negativo
6VV1p7ZUrC0,"FGR LO AGARRA EN CURVA ¡SAMUEL GARCÍA AL DESCUBIERTO! MÁS DE 15 MDP, NIEGAN AMPARO A CABEZA DE VACA",@JoséBaltasar-j3u,Hola ceci buenos dias gracias por su informacion,1,2026-06-06T17:04:39Z,1,POS,0.5553,Positivo
6VV1p7ZUrC0,"FGR LO AGARRA EN CURVA ¡SAMUEL GARCÍA AL DESCUBIERTO! MÁS DE 15 MDP, NIEGAN AMPARO A CABEZA DE VACA",@SantosNaranjo-w7e,Samuel no ase nada por linpiar los drenajes por donde quiera brotan las a guas negras por las calles,0,2026-06-07T00:19:03Z,0,NEG,0.951,Negativo
6VV1p7ZUrC0,"FGR LO AGARRA EN CURVA ¡SAMUEL GARCÍA AL DESCUBIERTO! MÁS DE 15 MDP, NIEGAN AMPARO A CABEZA DE VACA",@luzdavila1535,"No es un perseguido político, es un criminal! Cabeza de vaca, ex arco gobernador!!!!!!",0,2026-06-07T00:36:24Z,0,NEG,0.8761,Negativo
6VV1p7ZUrC0,"FGR LO AGARRA EN CURVA ¡SAMUEL GARCÍA AL DESCUBIERTO! MÁS DE 15 MDP, NIEGAN AMPARO A CABEZA DE VACA",@irmadelafu49,Monterrey NL,0,2026-06-06T23:56:56Z,0,NEU,0.5859,Neutral
6VV1p7ZUrC0,"FGR LO AGARRA EN CURVA ¡SAMUEL GARCÍA AL DESCUBIERTO! MÁS DE 15 MDP, NIEGAN AMPARO A CABEZA DE VACA",@FlavioCastillo-y4y,😮 saludos cecy des de Papantla ver guapa como siempre🎉,0,2026-06-06T18:27:39Z,0,POS,0.914,Positivo
6VV1p7ZUrC0,"FGR LO AGARRA EN CURVA ¡SAMUEL GARCÍA AL DESCUBIERTO! MÁS DE 15 MDP, NIEGAN AMPARO A CABEZA DE VACA",@Pepepekkas,Luego olvidan es como falsificar firmas para libros si yo lo hiciera no tengo influencia,0,2026-06-06T18:23:39Z,0,NEG,0.7165,Negativo
6VV1p7ZUrC0,"FGR LO AGARRA EN CURVA ¡SAMUEL GARCÍA AL DESCUBIERTO! MÁS DE 15 MDP, NIEGAN AMPARO A CABEZA DE VACA",@elisaalfaro7258,✝️🌎🙏✝️🌎🙏,0,2026-06-07T00:18:32Z,0,NEU,0.0,Neutral
6VV1p7ZUrC0,"FGR LO AGARRA EN CURVA ¡SAMUEL GARCÍA AL DESCUBIERTO! MÁS DE 15 MDP, NIEGAN AMPARO A CABEZA DE VACA",@JuanMendozaRocha-d9b,"Saludos hermosa Cecy, yo creo Q los Empresarios de EEUU creen Q al Inundar de fábricas en México podrán adueñarse pero falta Q C les permita, debemos estar Atentos",1,2026-06-06T17:06:54Z,1,NEU,0.7466,Neutral
6VV1p7ZUrC0,"FGR LO AGARRA EN CURVA ¡SAMUEL GARCÍA AL DESCUBIERTO! MÁS DE 15 MDP, NIEGAN AMPARO A CABEZA DE VACA",@HéctorNava-p8n,Pues ya el pueblo quiere ver trabajar a Ernestina Godoy por qué está más dormida que un oso en invierno,0,2026-06-06T20:20:45Z,0,NEG,0.8753,Negativo
6VV1p7ZUrC0,"FGR LO AGARRA EN CURVA ¡SAMUEL GARCÍA AL DESCUBIERTO! MÁS DE 15 MDP, NIEGAN AMPARO A CABEZA DE VACA",@Margarita-no5st,NUEVO LEÓN,0,2026-06-06T21:06:45Z,0,NEU,0.6072,Neutral
6VV1p7ZUrC0,"FGR LO AGARRA EN CURVA ¡SAMUEL GARCÍA AL DESCUBIERTO! MÁS DE 15 MDP, NIEGAN AMPARO A CABEZA DE VACA",@chueyavila7403,"Ceci,no se ve, checa tu video.",0,2026-06-06T23:28:24Z,0,NEU,0.5483,Neutral
6VV1p7ZUrC0,"FGR LO AGARRA EN CURVA ¡SAMUEL GARCÍA AL DESCUBIERTO! MÁS DE 15 MDP, NIEGAN AMPARO A CABEZA DE VACA",@juanhernandez-bs8rw,No pasa nada,0,2026-06-07T01:25:20Z,0,NEU,0.5738,Neutral
6VV1p7ZUrC0,"FGR LO AGARRA EN CURVA ¡SAMUEL GARCÍA AL DESCUBIERTO! MÁS DE 15 MDP, NIEGAN AMPARO A CABEZA DE VACA",@carlosadrianhernandezaguir4054,Ya lo sabemos y que gana la gente?? A alito anda como pavorreal porque los morenistas lo protegen.,0,2026-06-06T19:31:31Z,0,NEG,0.94,Negativo
6VV1p7ZUrC0,"FGR LO AGARRA EN CURVA ¡SAMUEL GARCÍA AL DESCUBIERTO! MÁS DE 15 MDP, NIEGAN AMPARO A CABEZA DE VACA",@FelixReyes-f5o,Saludos Ceci stamos bien enterados  lo que pasa con el pais,1,2026-06-06T17:26:49Z,1,NEU,0.5591,Neutral
6VV1p7ZUrC0,"FGR LO AGARRA EN CURVA ¡SAMUEL GARCÍA AL DESCUBIERTO! MÁS DE 15 MDP, NIEGAN AMPARO A CABEZA DE VACA",@JuanAntonioMendozaAyala,Te equivocastes no son cincuenta millones,0,2026-06-06T17:09:31Z,0,NEU,0.4905,Neutral
6VV1p7ZUrC0,"FGR LO AGARRA EN CURVA ¡SAMUEL GARCÍA AL DESCUBIERTO! MÁS DE 15 MDP, NIEGAN AMPARO A CABEZA DE VACA",@santossegovia5841,Eyy pero si ya le enco tiraron un Rancho y no an echo nada  coneso era para que lo inbestigaran todo lo que an obtenido,0,2026-06-06T17:11:07Z,0,NEG,0.9442,Negativo
6VV1p7ZUrC0,"FGR LO AGARRA EN CURVA ¡SAMUEL GARCÍA AL DESCUBIERTO! MÁS DE 15 MDP, NIEGAN AMPARO A CABEZA DE VACA",@arturotorreslopez-d9f,Y SIGUE SALIENDO UNA BOLA DE RATAS DE GRUESO CALIBRE ASI COMO AHORA SAMUEL GARCIA ........PERO PUEDEN ROBAR LO QUE QUIERAN ALCABO AQUI EN MEXICO NO PASA NADA  SIGAN ROBANDO  NO HAY PEDO,0,2026-06-06T19:38:55Z,0,NEG,0.7944,Negativo
Mk6h8zUvArk,EL NUEVO PARQUE DEL AGUA. 💧 🦁,@elvalopez5205,🎉😅😮,2,2026-06-07T02:48:53Z,0,NEU,0.0,Neutral
Mk6h8zUvArk,EL NUEVO PARQUE DEL AGUA. 💧 🦁,@VirginiaMolinaMalacon,"Espero que hayan dejado un buen espacio para el estacionamiento porque nunca piensan en eso y no lo mencionan ,creen que llega uno volando.",0,2026-06-07T14:19:51Z,0,NEU,0.467,Neutral
Mk6h8zUvArk,EL NUEVO PARQUE DEL AGUA. 💧 🦁,@ANDIHernández-e4l,Viva Monterrey 🇲🇽🇲🇽🇲🇽,1,2026-06-07T07:18:24Z,0,NEU,0.5249,Neutral
Mk6h8zUvArk,EL NUEVO PARQUE DEL AGUA. 💧 🦁,@prof.humbertohdz.mtz.2249,Muchas gracias por pensar en el futuro de todos los que vivimos en NL.<br>De verdad que le pido a Dios que un día Samuel García sea Presidente de México para llevar todos estos beneficios a todo el país.,4,2026-06-07T04:25:10Z,0,POS,0.9067,Positivo
Mk6h8zUvArk,EL NUEVO PARQUE DEL AGUA. 💧 🦁,@marugutierrez8879,Al rato va a estar igual de descuidado como el santa Lucia,3,2026-06-07T06:47:07Z,1,NEG,0.8766,Negativo
Mk6h8zUvArk,EL NUEVO PARQUE DEL AGUA. 💧 🦁,@Bullgatorr,"Ese trabajo le correspondía a Femsa, que se comprometió a hacer un parque lineal a cambio del despojo que hizo en La Pastora para construir un estadio de fútbol adentro de una reserva ecológica protegida, ¿ya nadie lo recuerda? Da lo mismo, tus impuestos sirven para ahorrarle dinero a los que gastan DECENAS DE MILLONES DE DÓLARES en futbolistas españoles y argentinos, pero que no pueden comprar un terreno en 1,140 km2 del área metropolitana de Monterrey 🐀",2,2026-06-07T10:34:44Z,3,NEG,0.9593,Negativo
1s6A-Mr1J0I,#ENVIVO SAMUEL GARCÍA sancionado por la FIFA - AMLO REGRESA,@blanca43100,SAMUEL ES UNA PORQUERÍA TIENE A MONTERREY HECHO UNA PORQUERÍA,11,2026-06-07T02:24:36Z,0,NEG,0.9825,Negativo
1s6A-Mr1J0I,#ENVIVO SAMUEL GARCÍA sancionado por la FIFA - AMLO REGRESA,@Toledito68,El gobierno en Jalisco son unos payasos bien rateros!!,6,2026-06-07T02:31:19Z,0,NEG,0.9694,Negativo
1s6A-Mr1J0I,#ENVIVO SAMUEL GARCÍA sancionado por la FIFA - AMLO REGRESA,@catalinamreno7631,Se debe pedir a los legisladores un color  ajeno  a los partidos politicos para las instituciones gubernamentales,5,2026-06-07T02:13:01Z,1,NEU,0.6657,Neutral
1s6A-Mr1J0I,#ENVIVO SAMUEL GARCÍA sancionado por la FIFA - AMLO REGRESA,@cheonsarang7332,"Gracias por la entrevista amigo Alex y me agrada verte con Ponchito, los quiero mucho, cuidense mucho y un fuerte abrazo para los 2, me alegro verlos a los 2 juntos ❤🎉😊😊😊, saludos y sigan disfrutando su fin de semana 🎉😊",6,2026-06-07T01:46:06Z,0,POS,0.982,Positivo
1s6A-Mr1J0I,#ENVIVO SAMUEL GARCÍA sancionado por la FIFA - AMLO REGRESA,@etnahernandez3185,Gracias por su Amabilidad Dios le Guarde y Super Bendiga hoy y siempre Saludos cordiales  Alejandro,1,2026-06-07T03:40:47Z,0,POS,0.9275,Positivo
1s6A-Mr1J0I,#ENVIVO SAMUEL GARCÍA sancionado por la FIFA - AMLO REGRESA,@linagp8527,"Ya vi el video! Muy bueno y lo compartí, para que nos enteremos del verdadero negocio.",0,2026-06-07T15:33:55Z,0,POS,0.9506,Positivo
1s6A-Mr1J0I,#ENVIVO SAMUEL GARCÍA sancionado por la FIFA - AMLO REGRESA,@carlosbanda1798,Sr Helguera excelente trabajo periodístico...saludos a la comunidad,0,2026-06-07T06:07:49Z,0,POS,0.9302,Positivo
1s6A-Mr1J0I,#ENVIVO SAMUEL GARCÍA sancionado por la FIFA - AMLO REGRESA,@GregorioZamora-os5yg,Quedo agradablemente informado,1,2026-06-07T05:13:24Z,0,POS,0.8831,Positivo
1s6A-Mr1J0I,#ENVIVO SAMUEL GARCÍA sancionado por la FIFA - AMLO REGRESA,@patriciacelisdelacruz7856,"Gracias Doctor, ayuda mucho sus recomendaciones nunca se sabe cuando la necesitamos. Saludos desde Iztapalapa CDMX,  tengo 71 años y mi esposo 76 , gracias. MÉXICO.",1,2026-06-07T03:34:58Z,0,POS,0.8491,Positivo
1s6A-Mr1J0I,#ENVIVO SAMUEL GARCÍA sancionado por la FIFA - AMLO REGRESA,@LucyMena-n4g,🎉 te escucho desde California,1,2026-06-07T03:39:55Z,0,NEU,0.5821,Neutral
1s6A-Mr1J0I,#ENVIVO SAMUEL GARCÍA sancionado por la FIFA - AMLO REGRESA,@laurasanchez4378,Execelente información!,2,2026-06-07T05:35:39Z,0,POS,0.9535,Positivo
1s6A-Mr1J0I,#ENVIVO SAMUEL GARCÍA sancionado por la FIFA - AMLO REGRESA,@martinhdez721,Buena información amigo,0,2026-06-07T06:12:04Z,0,POS,0.8166,Positivo
1s6A-Mr1J0I,#ENVIVO SAMUEL GARCÍA sancionado por la FIFA - AMLO REGRESA,@sergiocamarillomiron6960,Color de la corrupcion,5,2026-06-07T02:23:07Z,0,NEG,0.6654,Negativo
1s6A-Mr1J0I,#ENVIVO SAMUEL GARCÍA sancionado por la FIFA - AMLO REGRESA,@magdalenabarrios2256,Saludos  álex,1,2026-06-07T03:29:04Z,0,NEU,0.4802,Neutral
1s6A-Mr1J0I,#ENVIVO SAMUEL GARCÍA sancionado por la FIFA - AMLO REGRESA,@gloriaespindolaf8433,Los municipios de Nuevo León están llenos de baches y cuando llueve se inhundan las calles,4,2026-06-07T03:15:59Z,1,NEG,0.9805,Negativo
1s6A-Mr1J0I,#ENVIVO SAMUEL GARCÍA sancionado por la FIFA - AMLO REGRESA,@AguilaM-t4j,lo ke yama la atención lo hinorantes ke Permiten ke la FIFA ke No Pagará Ni siquiera alas personas ke serbiran en el Mundial se Meta de Metiche en cosas ke solo le incumben a Mexico 🇲🇽 Samuel García a hecho loke Ningún Gobierno Criminal del PRI y PAN an hecho.👀,2,2026-06-07T03:10:07Z,0,NEG,0.9817,Negativo
1s6A-Mr1J0I,#ENVIVO SAMUEL GARCÍA sancionado por la FIFA - AMLO REGRESA,@myriamvilchis8257,Y ya terminaron de investigarlo...?que sucedio con los desvios a su despacho de samuel g.😊,4,2026-06-07T02:54:43Z,1,NEG,0.551,Negativo
1s6A-Mr1J0I,#ENVIVO SAMUEL GARCÍA sancionado por la FIFA - AMLO REGRESA,@mariaelenalopezmoyao4393,Lo van a sancionar ?<br>Y con que creen que va pagar ?<br>Pues con los impuestos de los ciudadanos de Nuevo León 🤷,2,2026-06-07T03:20:16Z,0,NEG,0.7334,Negativo
1s6A-Mr1J0I,#ENVIVO SAMUEL GARCÍA sancionado por la FIFA - AMLO REGRESA,@joseantoniosancheosuna3429,Saludos tijuana b.c,2,2026-06-07T02:59:46Z,0,POS,0.5227,Positivo
1s6A-Mr1J0I,#ENVIVO SAMUEL GARCÍA sancionado por la FIFA - AMLO REGRESA,@lootbag1,"Ya se nos hace normal que hay tantas balaceras por todos lados hay tanta infelicidad y pobreza y desesperación también hay muchos suicidios.,",3,2026-06-07T02:37:03Z,0,NEG,0.9782,Negativo
1s6A-Mr1J0I,#ENVIVO SAMUEL GARCÍA sancionado por la FIFA - AMLO REGRESA,@eduardohernandezhernandez8892,Alejandro si vieras como está la ciudad de Monterrey sucia llena de baches las colonias humildes les cortaron el agua y las dejan hasta una semana sin agua o sin luz disque porque no hay transformadores un montón de sanjas de reparaciones de agua y drenaje y no tapan las zanjas porque no hay dinero y solo están arreglando las zonas donde creen va a ver turismo y no se vale es una ciudad muy sucia.,5,2026-06-07T02:27:54Z,1,NEG,0.985,Negativo
1s6A-Mr1J0I,#ENVIVO SAMUEL GARCÍA sancionado por la FIFA - AMLO REGRESA,@anacerda6196,"No solo está pintando de naranja, según ha ido a EEUU con la FIFA, a Europa y a Asia según a promover al estado para el mundial, purp mucho dinero se ha gastado, puso mallas, toldos, bardas para esconder la ineptitud del gobierno de Samuel porque lo está haciendo en lugares de mucha pobreza, en lugar de haber invertido en pavimentar, poner luminarias, limpiar de tanta basura por falta de limpieza municipal, quiere tapar todo lo que no ha hecho",2,2026-06-07T04:17:02Z,0,NEG,0.978,Negativo
1s6A-Mr1J0I,#ENVIVO SAMUEL GARCÍA sancionado por la FIFA - AMLO REGRESA,@concepcionperezmalagon9033,"Exijan ciudadanos de Monterrey, no basta con quejarse manifieste se en las calles y reclamen a su gobernador en que ha gastado el dinero del pueblo, se supone que somos un pueblo conciente y politizado que ya no está ignorante del mal gobierno de un político",3,2026-06-07T03:13:04Z,1,NEG,0.9536,Negativo
1s6A-Mr1J0I,#ENVIVO SAMUEL GARCÍA sancionado por la FIFA - AMLO REGRESA,@javyakos,Los gringos acaban de perder la guerra con Irán. Victoria para la Humanidad. Los Patriotas Mexican@s somos UNO con La Presidenta CLAUDIA,1,2026-06-07T03:42:26Z,0,POS,0.7874,Positivo
1s6A-Mr1J0I,#ENVIVO SAMUEL GARCÍA sancionado por la FIFA - AMLO REGRESA,@lootbag1,Por qué la La clara Brugada pintó por todos lados de ese horrible color creo que como gobiernos deben tener cuidado de cómo usar el dinero de los mexicanos es como si el gobierno decidiera pintas toda nuestras casas de un horrible color,2,2026-06-07T02:21:40Z,0,NEG,0.9829,Negativo
1s6A-Mr1J0I,#ENVIVO SAMUEL GARCÍA sancionado por la FIFA - AMLO REGRESA,@leticiarodriguez6762,Si va a estar en un mes todo mal también hay que ver a la gente cómo trata todos los inmuebles.,2,2026-06-07T02:04:12Z,0,NEG,0.8302,Negativo
1s6A-Mr1J0I,#ENVIVO SAMUEL GARCÍA sancionado por la FIFA - AMLO REGRESA,@franciscotremillo4484,son los mejores poncho y manuel  perero alejado mejores😮😮😮,2,2026-06-07T03:20:17Z,0,POS,0.9464,Positivo
1s6A-Mr1J0I,#ENVIVO SAMUEL GARCÍA sancionado por la FIFA - AMLO REGRESA,@otiliacruz7911,Hola Alejando usted no le haga el caldo gordo a los gringos porque el movimiento nueva regeneración es El Fuerte en el poder y ah toda costa lo quieren bajar diciendo narcos los gobernadores y narco la presidenta y narcos todo el pueblo de Mexico,2,2026-06-07T02:56:53Z,0,NEG,0.9267,Negativo
1s6A-Mr1J0I,#ENVIVO SAMUEL GARCÍA sancionado por la FIFA - AMLO REGRESA,@gilbertosanchez4877,"Saludos desde Saltillo,y en cuanto que si ay quien le cree a alito Saltillo jajaja",0,2026-06-07T03:35:49Z,0,NEU,0.7174,Neutral
1s6A-Mr1J0I,#ENVIVO SAMUEL GARCÍA sancionado por la FIFA - AMLO REGRESA,@guadaluperodriguezvelazque6203,Las placas de automóvil también les  pintaron naranja en Nuevo León  acaban de cancelarlas,0,2026-06-07T14:48:11Z,0,NEG,0.9026,Negativo
1s6A-Mr1J0I,#ENVIVO SAMUEL GARCÍA sancionado por la FIFA - AMLO REGRESA,@myriamalvarado301,"💜 morado, no es igual que guinda!?",0,2026-06-07T07:19:11Z,0,NEU,0.7865,Neutral
1s6A-Mr1J0I,#ENVIVO SAMUEL GARCÍA sancionado por la FIFA - AMLO REGRESA,@PollitoRico-q1h,"<a href=""http://www.youtube.com/results?search_query=%23monterrey"">#Monterrey</a>",0,2026-06-07T10:18:25Z,0,NEU,0.5975,Neutral
1s6A-Mr1J0I,#ENVIVO SAMUEL GARCÍA sancionado por la FIFA - AMLO REGRESA,@DIOMEXICODBL,"Hoy hizo campaña el pan , en N. L. 😂😂😂handan desesperados.",1,2026-06-07T03:26:33Z,0,NEG,0.9648,Negativo
1s6A-Mr1J0I,#ENVIVO SAMUEL GARCÍA sancionado por la FIFA - AMLO REGRESA,@angelinajeronimo4947,❤,1,2026-06-07T05:05:46Z,0,NEU,0.0,Neutral
1s6A-Mr1J0I,#ENVIVO SAMUEL GARCÍA sancionado por la FIFA - AMLO REGRESA,@miguelinaguevaragonzalez2368,Sra. mamá de Poncho por favor no lo regañe.,0,2026-06-07T04:52:51Z,0,NEG,0.5299,Negativo
1s6A-Mr1J0I,#ENVIVO SAMUEL GARCÍA sancionado por la FIFA - AMLO REGRESA,@AntonioSanchez-km1gz,Mira está mal lo que acen en Guadalajara agua potable apestosa y el mundial y con eses fecales agua café con mal olor pero nadie lo dice es delicado para nuestros visitantes y nosotros los propios ciudadanos es sumamente muy delicado ayuda por favor,2,2026-06-07T02:56:44Z,0,NEG,0.9828,Negativo
1s6A-Mr1J0I,#ENVIVO SAMUEL GARCÍA sancionado por la FIFA - AMLO REGRESA,@MaribelMarquez-w3l,"En el zócalo de la CDMX, la tal güera pidiendo identificación para poder accesar al mismo en que momento prohibirnos y andar con libertad, entre otras cosas como imponer el color 🟣 y mal utilizar el símbolo del ajolote para beneficio sólo de ella y no de la preservación del mismo!",0,2026-06-07T13:29:10Z,0,NEG,0.9661,Negativo
1s6A-Mr1J0I,#ENVIVO SAMUEL GARCÍA sancionado por la FIFA - AMLO REGRESA,@magdalenabarrios2256,Iztacalco,1,2026-06-07T03:30:22Z,0,NEU,0.485,Neutral
1s6A-Mr1J0I,#ENVIVO SAMUEL GARCÍA sancionado por la FIFA - AMLO REGRESA,@antoniosandoval-il6qv,Esa es la orilla del paseo santa Lucia,0,2026-06-07T13:27:52Z,0,NEU,0.8045,Neutral
1s6A-Mr1J0I,#ENVIVO SAMUEL GARCÍA sancionado por la FIFA - AMLO REGRESA,@Lux97503,Lo dijiste :CHINAAA,0,2026-06-07T02:28:22Z,0,NEU,0.4551,Neutral
1s6A-Mr1J0I,#ENVIVO SAMUEL GARCÍA sancionado por la FIFA - AMLO REGRESA,@AntonioCampos-g7m,NI UN VOTO EN NINGÚN ESTADO NI PARA EL PRI NI PARA EL PAN NI MOVIMIENTO NARCOCIUDADANO 🤢🤮💩 POR CORRUPTOS Y VENDEPATRIAS 😡,0,2026-06-07T07:12:45Z,0,NEG,0.9359,Negativo
1s6A-Mr1J0I,#ENVIVO SAMUEL GARCÍA sancionado por la FIFA - AMLO REGRESA,@HTRI6666,pero cómo puesun!! si el bocachancla de samuel es lo mááááááximo!! entiéndase la ironía. Entonces nadie protestó por usar recursos públicos para hacer campaña y los neoleoneses incluída la oposición están dormidos? con razón les roban descaradamente!,1,2026-06-07T03:11:08Z,0,NEG,0.9076,Negativo
1s6A-Mr1J0I,#ENVIVO SAMUEL GARCÍA sancionado por la FIFA - AMLO REGRESA,@CesarSalinasGarza,"El caso de Guadalajara, pues el pex es ma de seguridad  y comunitario, pues hay fallas con el agua potable y mal estado del transporte publico, las chivas por tener tanto juego internacional, pues su estadio estaba casi casi preparado...en si para Morena no es algo muy importante que digamos pues no esta de sobra vender la imagen del pais, para MC  lo importante es quedar bien y  encubrir sus fechorias, pues se les fue de las manos el presupuesto , espeansados a recibir apoyo federal...pero sus transas lo frenaron",0,2026-06-07T11:20:17Z,0,NEG,0.98,Negativo
1s6A-Mr1J0I,#ENVIVO SAMUEL GARCÍA sancionado por la FIFA - AMLO REGRESA,@brendalorenamorenomartinez1343,tiene nuevo león en malas condiciones no termino el metro y aguas negras  por las calles y  de todo se queja de hadya rl dinero en tonterías,1,2026-06-07T05:53:25Z,0,NEG,0.9804,Negativo
1s6A-Mr1J0I,#ENVIVO SAMUEL GARCÍA sancionado por la FIFA - AMLO REGRESA,@javyakos,Ahora que el narco imperio del norte va a ser mas infeliz con Latinoamerica. VIVA MÉXICO CABRONES,0,2026-06-07T04:14:12Z,0,NEG,0.9366,Negativo
1s6A-Mr1J0I,#ENVIVO SAMUEL GARCÍA sancionado por la FIFA - AMLO REGRESA,@CesarSalinasGarza,"Alex...hay que tener algo en mente cuando hablemos del mundial de Futbol<br>EPN fue quien lo firmo y fue el unico presidente que acepto las condiciones de la FIFA sin hacer cambios...entonces, para la 4T no era una prioridad, pues con la condiciones de la FIFA no era para nada algo bueno para Mexico...entonces por primera ocasion enla historia, la presidenta logro cambiar un contrato con FIFA basado en standares internacionales, sinpenalizacion, reduciendo la exencion de impuestos a la FIFA de 2 años a 1 años entre otras cosas...pero en lo referenta a la infraestrutura deportiva el gobierno no tiene nada de interaccion, eso se hace entre los dueños delos estadios y la FIFA...el gobierno soleo tiene la obligacion de proveer un ambiente favorable y seguro para losequipos y aficionados....",0,2026-06-07T11:10:30Z,0,NEG,0.8116,Negativo
1s6A-Mr1J0I,#ENVIVO SAMUEL GARCÍA sancionado por la FIFA - AMLO REGRESA,@bat0503,Con eso van a justificar sus fraudes electorales,0,2026-06-07T16:21:20Z,0,NEG,0.7539,Negativo
1s6A-Mr1J0I,#ENVIVO SAMUEL GARCÍA sancionado por la FIFA - AMLO REGRESA,@DIOMEXICODBL,"Samuel nunca será presidente 😂😂,de hecho si se hace justicia estará encerrado por r4t 4.",1,2026-06-07T03:30:30Z,0,NEG,0.8916,Negativo
1s6A-Mr1J0I,#ENVIVO SAMUEL GARCÍA sancionado por la FIFA - AMLO REGRESA,@juanlara4012,"Pues mire señor Alejadro yo creo estos imbéciles gobernadores hacen todo esto de obras mal y a medias para justificar gastos y los justifican como si metieran productos, materiales de primera y no es asi ahora otra ver que compañías constructoras hacen esos trabajos porque muy seguramente Samuelito se esta auto contratando eso se les da muy bien a estos rateros con un sobre nombre gobernadores pero son unas verdaderas lacras  unos auténticos bandidos la gran mayoría de políticos y de todos los partidos o colores la mayoría son igual  oygan yo tengo una pregunta que político no a estado en el PRI ,O EN EL,   PAN Y MIENTRAS  AYAN ESTADO EN ESOS PARTIDOS SON IGUAL DE 🐀",0,2026-06-07T13:28:07Z,0,NEG,0.9715,Negativo
1s6A-Mr1J0I,#ENVIVO SAMUEL GARCÍA sancionado por la FIFA - AMLO REGRESA,@JoseLuisOliveros-d3q,A Samuel García se le reviro un movimiento que el creía iba a afectar a la presidenta y al país. El tener las canchas en mal estado. Claro después de las lluvias no se pueden tener al 100.,0,2026-06-07T13:14:21Z,0,NEG,0.9819,Negativo
lGpgA1HbuG0,¡JAPÓN HUMILLA A SAMUEL GARCÍA!,@3spilantro757,Recuerden que Samamuel es solo un ayudante de &quot;recoge bolas de golf&quot;😂😂😂😂🎉,53,2026-06-05T18:33:25Z,0,NEU,0.651,Neutral
lGpgA1HbuG0,¡JAPÓN HUMILLA A SAMUEL GARCÍA!,@FcoMata-cj7uv,"Los llamados empresarios,no son tan empresarios sin el apoyo del gobierno.",77,2026-06-05T18:27:15Z,2,NEG,0.5548,Negativo
lGpgA1HbuG0,¡JAPÓN HUMILLA A SAMUEL GARCÍA!,@claudiaflores6134,Quiere ser presidente y no puede ni con el Estado que &quot;gobierna&quot; 😂,187,2026-06-05T18:26:20Z,15,NEG,0.9783,Negativo
lGpgA1HbuG0,¡JAPÓN HUMILLA A SAMUEL GARCÍA!,@angelmoralesarias6931,Y hasta ahora se dan cuenta raza nembee acá el Samuelito tiene un desmadre,39,2026-06-05T18:50:42Z,1,NEG,0.9375,Negativo
lGpgA1HbuG0,¡JAPÓN HUMILLA A SAMUEL GARCÍA!,@enriqueavilaojeda8452,"ESTÉ ES UN EJEMPLO MÁS DE LO INÚTIL Y CORRUPTO DEL SAMMY GARCÍA, TANTO TIEMPO Y VIAJES A JAPÓN PARA EXHIBIR SU INCAPACIDAD..<br>¡¡NO ES LO MISMO GOBERNAR QUE HACER TIK TOK!!",48,2026-06-05T19:30:18Z,1,NEG,0.9768,Negativo
lGpgA1HbuG0,¡JAPÓN HUMILLA A SAMUEL GARCÍA!,@franciscocastillo8842,El anda turistiando😂,38,2026-06-05T18:19:11Z,0,NEU,0.8186,Neutral
lGpgA1HbuG0,¡JAPÓN HUMILLA A SAMUEL GARCÍA!,@rodolfosanchezzamora4670,Los de Monterrey que se creen gringos,92,2026-06-05T18:47:58Z,6,NEG,0.8878,Negativo
lGpgA1HbuG0,¡JAPÓN HUMILLA A SAMUEL GARCÍA!,@AlbertoVarillasMartinez,"Tanto tiempo que hubo para entregar todo bien, que irresponsables",101,2026-06-05T18:06:45Z,5,NEG,0.9705,Negativo
lGpgA1HbuG0,¡JAPÓN HUMILLA A SAMUEL GARCÍA!,@RifulxDauf,Al chile que bueno ojalá y les digan más cosas,18,2026-06-05T19:03:50Z,0,POS,0.8917,Positivo
lGpgA1HbuG0,¡JAPÓN HUMILLA A SAMUEL GARCÍA!,@TrolldePC,Samuel la carcel te espera.,56,2026-06-05T18:25:11Z,1,NEG,0.5542,Negativo
lGpgA1HbuG0,¡JAPÓN HUMILLA A SAMUEL GARCÍA!,@GabrielHernandez-hg5cy,Ese Samuel solo está viendo que robarse...,17,2026-06-05T19:50:23Z,0,NEG,0.7151,Negativo
lGpgA1HbuG0,¡JAPÓN HUMILLA A SAMUEL GARCÍA!,@marinamontes2301,Jajajaja 🤣😂 todo el presupuesto se lo llevó Samuel los hijos salen caros,29,2026-06-05T18:23:03Z,0,NEG,0.901,Negativo
lGpgA1HbuG0,¡JAPÓN HUMILLA A SAMUEL GARCÍA!,@chio5201,Lo malo es que también es Mexico😮 y queda mal el país no el gobernador y su partido politico.,6,2026-06-05T21:29:40Z,0,NEG,0.9832,Negativo
lGpgA1HbuG0,¡JAPÓN HUMILLA A SAMUEL GARCÍA!,@jesussolis2362,Y así quiere ser presidente.sapo,10,2026-06-05T18:14:15Z,0,NEG,0.9007,Negativo
lGpgA1HbuG0,¡JAPÓN HUMILLA A SAMUEL GARCÍA!,@josuejaramillo4054,"Yo soy de Guadalupe Nuevo León, vivo a 5 minutos del estadio de rayados, y es un mugrero, el parque del agua que colinda con el estadio, las avenidas Pablo Livas y Eloy Cavazos, Av. Las Torres, las instalaciones de la línea 1 del metro y la instalación del monorriel que abarca toda la zona metropolitana, todo en una pésima condicion para recibir visitas en escalas de mundial. Una pena mi Nuevo León.",7,2026-06-05T18:13:42Z,3,NEG,0.9864,Negativo
lGpgA1HbuG0,¡JAPÓN HUMILLA A SAMUEL GARCÍA!,@el-galletudote,En Nuevo León queremos juicio político para Samuel García y toda su familia 😡,26,2026-06-05T19:43:45Z,0,NEG,0.4475,Negativo
lGpgA1HbuG0,¡JAPÓN HUMILLA A SAMUEL GARCÍA!,@josepena4029,Y dicen que se quieren independizar !!se les esta cayendo a pedazos su rancho !!saludos desde la poderosa CDMX!!,5,2026-06-05T20:54:09Z,3,NEG,0.8923,Negativo
lGpgA1HbuG0,¡JAPÓN HUMILLA A SAMUEL GARCÍA!,@aldomota1105,La cancioncita 😅. El intro del YouTube naranja 🍊,1,2026-06-05T22:59:15Z,0,NEU,0.7188,Neutral
lGpgA1HbuG0,¡JAPÓN HUMILLA A SAMUEL GARCÍA!,@victorhugocarrolongines9409,"Es fútbol, no política",3,2026-06-05T20:21:20Z,2,NEU,0.6779,Neutral
lGpgA1HbuG0,¡JAPÓN HUMILLA A SAMUEL GARCÍA!,@petersernaosorio,Tanto dinero presumen y no pueden hacer lo minimo,23,2026-06-05T18:05:21Z,1,NEG,0.9271,Negativo
lGpgA1HbuG0,¡JAPÓN HUMILLA A SAMUEL GARCÍA!,@JoséJuan-t5l,Tanto que se sienten de primer mundo piporros botas miadas pal que no entienda asi les deciamos en lo90 los traileros a la gente de nvo leon,5,2026-06-05T18:18:00Z,2,NEG,0.8677,Negativo
lGpgA1HbuG0,¡JAPÓN HUMILLA A SAMUEL GARCÍA!,@aniballabina8880,Hay samuelito,11,2026-06-05T18:09:47Z,0,POS,0.627,Positivo
lGpgA1HbuG0,¡JAPÓN HUMILLA A SAMUEL GARCÍA!,@JorgepatricioRamoscastro,ese mequetrefe de gobernadete valió chetos,1,2026-06-05T22:05:26Z,0,NEG,0.9487,Negativo
lGpgA1HbuG0,¡JAPÓN HUMILLA A SAMUEL GARCÍA!,@SilvanoArevalo-oj1ot,Ojalá que el fútbol desaparezca un día para que todo mundo agarre la vida más seria,1,2026-06-06T14:41:03Z,0,NEU,0.6694,Neutral
lGpgA1HbuG0,¡JAPÓN HUMILLA A SAMUEL GARCÍA!,@juancarlospadillamonroy2579,"Esos regios dejen de sentirse tan  importantes y ojalá con éso entiendan y sean un poco humildes y menos creídos,a y su gobernador de risa loca,no sirve, reflexionen",6,2026-06-05T18:38:40Z,4,NEG,0.9557,Negativo
lGpgA1HbuG0,¡JAPÓN HUMILLA A SAMUEL GARCÍA!,@BernardoGarcia-ir8dp,Y dice que es un estado con gran infraestructura?😂 Pa llorar!😂,5,2026-06-05T18:33:21Z,0,NEG,0.9,Negativo
lGpgA1HbuG0,¡JAPÓN HUMILLA A SAMUEL GARCÍA!,@gerardomoreno9628,Aparte olía a miados el estadio 😅,3,2026-06-05T19:14:14Z,0,NEG,0.7652,Negativo
lGpgA1HbuG0,¡JAPÓN HUMILLA A SAMUEL GARCÍA!,@rosaliaperez5414,Que vergüenza.,6,2026-06-05T18:52:29Z,0,NEG,0.8656,Negativo
lGpgA1HbuG0,¡JAPÓN HUMILLA A SAMUEL GARCÍA!,@ricardomartinezrocha6407,Jjajajjajajjaja😅😅😅Seles dijo con tiempo ⏲️ como todo mexicano asta el último,1,2026-06-05T23:40:29Z,0,NEU,0.6202,Neutral
lGpgA1HbuG0,¡JAPÓN HUMILLA A SAMUEL GARCÍA!,@rubengonzalez5155,Eso es porque son un equipo chiquito y con poca afición exigente.,6,2026-06-05T18:16:23Z,1,NEG,0.9683,Negativo
lGpgA1HbuG0,¡JAPÓN HUMILLA A SAMUEL GARCÍA!,@dulcereynolds7664,Y la fiscalia  cuando va por Samuel  Garcia,1,2026-06-07T15:17:55Z,0,NEG,0.6086,Negativo
lGpgA1HbuG0,¡JAPÓN HUMILLA A SAMUEL GARCÍA!,@valentincervantes1518,Japón Ejemplo de Orden y disciplina  en todos sus planes. . trabajos  Etc .,1,2026-06-06T04:51:46Z,0,POS,0.81,Positivo
lGpgA1HbuG0,¡JAPÓN HUMILLA A SAMUEL GARCÍA!,@amigodetodos5560,..al fin regios... corruptos y racistas..💩💩💩💩,5,2026-06-05T19:53:09Z,1,NEG,0.924,Negativo
lGpgA1HbuG0,¡JAPÓN HUMILLA A SAMUEL GARCÍA!,@lopezlopezjosemariano4709,"No importa quien gobierne, lo mismo en Ciudad de México, las obras se debieron entregar hace 5 días y nada.<br>Entre marchas, suspensiones de servicio de transporte y el trafico es difícil moverse en la ciudad",1,2026-06-05T18:27:29Z,1,NEG,0.9727,Negativo
lGpgA1HbuG0,¡JAPÓN HUMILLA A SAMUEL GARCÍA!,@rosanellydelbosque9243,"Que Vergüenza, tanto tiempo y no preparo Nada para recibir a las visitas internacionales.",1,2026-06-05T20:17:05Z,0,NEG,0.9645,Negativo
lGpgA1HbuG0,¡JAPÓN HUMILLA A SAMUEL GARCÍA!,@juanmanuelromeroramos2905,"se dicen la ciudad mas rica de América latina,  si sera verdad o viven de puros sueños en su imaginación, con una ciudad con mala infraestructura",1,2026-06-05T22:23:35Z,0,NEG,0.9378,Negativo
lGpgA1HbuG0,¡JAPÓN HUMILLA A SAMUEL GARCÍA!,@veronicagonzalez3887,¡Ouch! 😮,1,2026-06-05T20:46:53Z,0,NEG,0.4134,Negativo
lGpgA1HbuG0,¡JAPÓN HUMILLA A SAMUEL GARCÍA!,@eduardopadilla2777,"😂😂😂 Samuel 😂😂😂😂el CARLOS II EL HECHIZADO 😂😂😂😂lleva 9proyectos cancelados o suspendidos,metro monorriel tesla hospital río vivo Nvidia etcétera 😂😂😂😂😂la presidencia municipal para las chinelas 😂😂😂😂😂😂",1,2026-06-06T04:23:52Z,1,NEG,0.8904,Negativo
lGpgA1HbuG0,¡JAPÓN HUMILLA A SAMUEL GARCÍA!,@fidelponce7665,Disfruten lo votado con su gober. Preciso 😂😂😂😂,1,2026-06-06T23:53:15Z,0,POS,0.7378,Positivo
lGpgA1HbuG0,¡JAPÓN HUMILLA A SAMUEL GARCÍA!,@AlbariReyes,Samuel garcia se rroba todo el presupuesto,1,2026-06-05T22:06:55Z,0,NEG,0.9371,Negativo
lGpgA1HbuG0,¡JAPÓN HUMILLA A SAMUEL GARCÍA!,@jorgepena3095,"Chale con lo de Japón en Monterrey. <br>Espérense al cochinero de la CDMX ajolotizada 😅 Desde el aeropuerto hasta las marchas y bloqueos, o granaderos dispersando manifestantes. <br>Y como cereza del pastel: El zócalo sitiado como si fuera Troya.",2,2026-06-05T21:13:11Z,2,NEG,0.9725,Negativo
lGpgA1HbuG0,¡JAPÓN HUMILLA A SAMUEL GARCÍA!,@davidheartfilia5050,Según ellos mantienen a todo el país y no pueden ni mantener su propio cerro 😂😂😂😂😂😂,1,2026-06-06T06:16:44Z,1,NEG,0.9027,Negativo
lGpgA1HbuG0,¡JAPÓN HUMILLA A SAMUEL GARCÍA!,@Cercencio-s5r,Felicidades desde Japón fuera prianistas apatridas paskines austeros corutos desleales al pueblo mexicano patriota,2,2026-06-05T18:39:07Z,0,NEG,0.9017,Negativo
lGpgA1HbuG0,¡JAPÓN HUMILLA A SAMUEL GARCÍA!,@mexicodiaz9878,Otra vez….el inútil Junior !!!,1,2026-06-06T01:08:48Z,0,NEG,0.9373,Negativo
lGpgA1HbuG0,¡JAPÓN HUMILLA A SAMUEL GARCÍA!,@georchimartinez1093,Y eso que se cree un jeke el facturero Samuel García,1,2026-06-05T21:36:47Z,0,NEG,0.8669,Negativo
lGpgA1HbuG0,¡JAPÓN HUMILLA A SAMUEL GARCÍA!,@grisaulamedios939,Pobrecillo y con el ego tan grade que tiene y se lo golpearon 😂😂😂😂😂,1,2026-06-07T01:48:49Z,0,NEG,0.9789,Negativo
lGpgA1HbuG0,¡JAPÓN HUMILLA A SAMUEL GARCÍA!,@sergioreyes9154,NO MMMS WE...LOS REGIOS NO TENEMOS LA CULPA DE QUE LOS RESPONSABLES DE LA ORGANIZACIÓN SEAN UNOS INÚTILES...LA GENTE REGIA SOMOS MUCHA PIEZA PARA ESTOS INUTILES CORRUPTOS,1,2026-06-06T14:30:15Z,0,NEG,0.9613,Negativo
lGpgA1HbuG0,¡JAPÓN HUMILLA A SAMUEL GARCÍA!,@josueflores2255,Es que son mejor los autocontratos millonarios dejan más ganancia,1,2026-06-05T20:00:17Z,0,POS,0.9494,Positivo
lGpgA1HbuG0,¡JAPÓN HUMILLA A SAMUEL GARCÍA!,@marcelocoronado7249,Ya te enteraste que el aibus de Sudáfrica cayó en un bache en istapaluca 😂😂😂😂,0,2026-06-06T13:13:59Z,0,NEG,0.6273,Negativo
lGpgA1HbuG0,¡JAPÓN HUMILLA A SAMUEL GARCÍA!,@NAMKER2010,Fue demasiado fosfo 😂😂,0,2026-06-06T20:59:32Z,0,NEG,0.5899,Negativo
OnWYoPCDsNI,Inauguramos la primera etapa del Nuevo Parque del Agua.,@prof.humbertohdz.mtz.2249,Excelente obra para todos los que vivimos aquí en NL,4,2026-06-07T05:25:26Z,0,POS,0.9316,Positivo
OnWYoPCDsNI,Inauguramos la primera etapa del Nuevo Parque del Agua.,@JuanThegod-rl5zi,De repente no nos cae el veinte de todo lo que se esta haciendo en Nuevo Leon. Todos los dias sale nuestro Gobernador con gran entusiasmo a trabajar en nuestros proyectos.💪👏👏👏,2,2026-06-07T06:30:29Z,0,POS,0.9097,Positivo
OnWYoPCDsNI,Inauguramos la primera etapa del Nuevo Parque del Agua.,@felipemartinez-t1n,"Como siempre. <br>Excelente, <br>Con todo, siempre ascendiendo!!!😊",1,2026-06-07T06:17:27Z,0,POS,0.9306,Positivo
OnWYoPCDsNI,Inauguramos la primera etapa del Nuevo Parque del Agua.,@fernandodejesusmaldonadoba9676,Excelente Proyecto !,1,2026-06-07T06:29:02Z,0,POS,0.9349,Positivo
OnWYoPCDsNI,Inauguramos la primera etapa del Nuevo Parque del Agua.,@jonathanlarareyna699,👏👏👏👏,1,2026-06-07T10:03:35Z,0,NEU,0.0,Neutral
OnWYoPCDsNI,Inauguramos la primera etapa del Nuevo Parque del Agua.,@laurahernandezmunoz2272,Pues es joven y tiene entusiasmo para Nuevo León quiere acaparar despacio paso x paso 😊,1,2026-06-07T07:08:41Z,0,POS,0.761,Positivo
OnWYoPCDsNI,Inauguramos la primera etapa del Nuevo Parque del Agua.,@joelcuellar6716,"Yoo No vote por Ustedes, Pero los Felicito oooo❤👏🏼💪🏼",2,2026-06-07T12:31:03Z,0,POS,0.8488,Positivo
OnWYoPCDsNI,Inauguramos la primera etapa del Nuevo Parque del Agua.,@A.s.m93,Lo podrán criticar pero es el gobernador que ha hecho más proyectos en los ultimos 20 o 30  años,0,2026-06-07T16:27:47Z,0,NEU,0.4958,Neutral
OnWYoPCDsNI,Inauguramos la primera etapa del Nuevo Parque del Agua.,@zrchoz,Soy yo o Samuel ya trae un bronceado a lo Trump?,1,2026-06-07T08:07:33Z,0,NEG,0.624,Negativo
OnWYoPCDsNI,Inauguramos la primera etapa del Nuevo Parque del Agua.,@MrBastag0,"Y me dicen los que se creen ricos. , weeeeeey mira lo que esta haciendo samuel jajajajajajaaja",1,2026-06-07T11:29:17Z,0,NEG,0.6898,Negativo
f0iE1QtRoM0,Ya estamos a 6 DÍAS,@dogscitycroquetaspremium,Bien Hecho Samuel ❤,1,2026-06-06T09:02:20Z,0,POS,0.9086,Positivo
f0iE1QtRoM0,Ya estamos a 6 DÍAS,@AguilaM-t4j,grasias Samuel García ✔️👍👍👍👀,1,2026-06-06T05:55:38Z,0,POS,0.7111,Positivo
fjfStU13ZPg,Samuel García pide mes de pausa y se declara en &#39;modo party&#39;| Monterrey,@CarlosMillán-g3j,"Es que los regios nacen con la pala y el pico, el sur descansa, el centro administra y el norte trabaja  (dicen ellos)",0,2026-06-07T16:19:45Z,0,NEU,0.5764,Neutral
fjfStU13ZPg,Samuel García pide mes de pausa y se declara en &#39;modo party&#39;| Monterrey,@Constantino303,Un mes sin robar y sin hacer pendejadas. ¡Felicidades!,0,2026-06-07T02:00:59Z,0,POS,0.8038,Positivo
omhwk2G0n80,"Nuevo León estrena el Parque del Agua, un gigante verde con visión sustentable",@mariochavez-c5r,"Parece el recorrido de Jurasic Park, sin dinosaurios.",0,2026-06-07T13:22:19Z,0,NEU,0.5757,Neutral
_fG7rabdS5I,"Inauguramos el nuevo corredor Cerro de La Silla, ¡agárrense!",@arammena8643,Hermosa vista 😍 felicidades a los regios !!!,2,2026-06-06T23:44:20Z,0,POS,0.9694,Positivo
_fG7rabdS5I,"Inauguramos el nuevo corredor Cerro de La Silla, ¡agárrense!",@HildaAmaro-w6n,Sr Gobernador se habla tanto de ud.pero no hablan de todo lo que ud ha hecho x mty graciaa,4,2026-06-07T00:28:00Z,0,NEG,0.7177,Negativo
_fG7rabdS5I,"Inauguramos el nuevo corredor Cerro de La Silla, ¡agárrense!",@javierbullon3064,Excelente!,0,2026-06-07T16:04:26Z,0,POS,0.4299,Positivo
_fG7rabdS5I,"Inauguramos el nuevo corredor Cerro de La Silla, ¡agárrense!",@elvalopez5205,Siempre el que demuestra más se le exige más y se les olvida que hubo muchos atrás que se pasaron promesas y nomás No hubo problema con ellos a todos se les olvida que fue un desfile de esas personas Así que Muchas gracias x hacer la Diferencia del Cambio 😅  Siga  Adelante aún hay mucho x hacer 🎉❤ muchas gracias 😅,0,2026-06-07T06:48:23Z,0,NEU,0.4417,Neutral
_fG7rabdS5I,"Inauguramos el nuevo corredor Cerro de La Silla, ¡agárrense!",@martinarios1353,Y todos los baches q onda pa cuando?,0,2026-06-07T01:49:58Z,0,NEG,0.8147,Negativo
_fG7rabdS5I,"Inauguramos el nuevo corredor Cerro de La Silla, ¡agárrense!",@felipemartinez-t1n,"Muy bien Samuel!<br>Los que hablan mal de tu gobierno, no podrán borrar lo que pensamos y vemos  de tí.<br>ÁNIMO Y  SEGUIRLE PARA ARRIBA!!😊",0,2026-06-07T13:04:04Z,0,POS,0.9208,Positivo
xrOY1SfgYc0,Gracias a todos y todas por su paciencia.,@LuisMcGarrett,"Ojala los gobernantes de mi estado tuvieran la visión de hacer crecer las ciudades con buena infraestructura moderna, felicidades a los regios por tener un gobernador como usted.",1,2026-06-07T02:16:39Z,0,POS,0.938,Positivo
xrOY1SfgYc0,Gracias a todos y todas por su paciencia.,@AguilaM-t4j,Un Governador ke estará de hoy en adelante en la historia de todo Mexico 🇲🇽 y Nuevo Leon 🐯 Samuel García.✔️,3,2026-06-07T00:51:17Z,3,POS,0.6178,Positivo
xrOY1SfgYc0,Gracias a todos y todas por su paciencia.,@carolinamartinez9460,👍🏼,0,2026-06-07T04:50:02Z,0,NEU,0.0,Neutral
xrOY1SfgYc0,Gracias a todos y todas por su paciencia.,@jorgehernandezreyes4572,😂😂😂😂😂😂😂😂😂😂😂 pobres regios cada vez están peor 😂😂😂😂😂😂😂,0,2026-06-06T23:58:02Z,1,NEG,0.9773,Negativo
dELnwTAGYmk,FIFA regaña a Samuel García y le ordena quitar los colores naranjas de todo Nuevo León,@joelarmando6525,Ya México es un asco y vergüenza con todo la mierda políticos que tenemos,1,2026-06-07T05:27:14Z,0,NEG,0.9871,Negativo
lFAih4GiEkM,"Yōkoso a Santiago, a Nuevo León y al Mundial Más Norteño.",@jonathanlarareyna699,👍👍,0,2026-06-07T01:13:53Z,0,NEU,0.0,Neutral
lFAih4GiEkM,"Yōkoso a Santiago, a Nuevo León y al Mundial Más Norteño.",@enriquehg10,Mi futuro presi llévales unos taquitos o hazles una carnita asada en el barrial para que agarren proteína 💪,1,2026-06-06T05:16:32Z,0,NEU,0.5609,Neutral
Q2YADxBn_ZQ,"¡Viernes activo, papá!",@RaulEmiliano-y2g,🎉🎉🎉,2,2026-06-06T00:33:26Z,0,NEU,0.0,Neutral
Q2YADxBn_ZQ,"¡Viernes activo, papá!",@felipemartinez-t1n,WD-40 para el ruido de las pesas 😊.<br>Ánimo!!!<br>Vamos muy bien!!,1,2026-06-06T01:33:59Z,0,POS,0.7696,Positivo
EQqVBUcXVwY,Samuel García visita entrenamiento de Japón en El barrial,@homehaus7678,Pues él fue quien la cagó. A qué va a hacerse el jefe al Barrial si se hizo pendejo todo el año con cemex para que tuvieran las instalaciones listas. Y quedó como un imbécil....de nuevo.,2,2026-06-06T04:15:47Z,0,NEG,0.979,Negativo
EQqVBUcXVwY,Samuel García visita entrenamiento de Japón en El barrial,@MarcAntony-i7f,Hola<br>Como les gusta a los políticos hacer show y hacerse notar<br>Subiéndose al pan y circo del mundial<br>Cómo se ve que no tiene nada que hacer y como se ve que bien trabajan<br>Y así son todos posando para la foto con todo y familia<br>Y la selección de Japón con su cara de what<br>Como diciendo que pez con estos,1,2026-06-06T02:40:37Z,1,NEG,0.6752,Negativo
